강수분석,Unnamed: 1,Unnamed: 2,출처파일명,STDG_SGG_CD,占쏙옙占쏙옙占싻쇽옙,FLDN_GRD,FLDN_DOWA,FLDN_END_YMD,FLDN_YR,FLDN_CS_DTL_NM,FLDN_BGNG_YMD,FLDN_END_TM,FLDN_AREA,STDG_CTPV_CD,FLDN_DST_NM,SN,GEOM,FLDN_BGNG_TM,시작일시,종료일시
[검색조건],,,rn_20250714090833_seoul.csv,11000,,,,,,,,,,,,,,,,
자료구분 : 일,,,rn_20250714090833_seoul.csv,11000,,,,,,,,,,,,,,,,
자료형태 : 기본,,,rn_20250714090833_seoul.csv,11000,,,,,,,,,,,,,,,,
지역/지점 : 서울,,,rn_20250714090833_seoul.csv,11000,,,,,,,,,,,,,,,,
기간 : 20240101~20241231,,,rn_20250714090833_seoul.csv,11000,,,,,,,,,,,,,,,,
,,,rn_20250714090833_seoul.csv,11000,,,,,,,,,,,,,,,,
날짜,지점,강수량(mm),rn_20250714090833_seoul.csv,11000,,,,,,,,,,,,,,,,
2024-01-01,108,0,rn_20250714090833_seoul.csv,11000,,,,,,,,,,,,,,,,
2024-01-02,108,0,rn_20250714090833_seoul.csv,11000,,,,,,,,,,,,,,,,
2024-01-03,108,0.6,rn_20250714090833_seoul.csv,11000,,,,,,,,,,,,,,,,
2024-01-04,108,,rn_20250714090833_seoul.csv,11000,,,,,,,,,,,,,,,,
2024-01-05,108,0,rn_20250714090833_seoul.csv,11000,,,,,,,,,,,,,,,,
2024-01-06,108,2.4,rn_20250714090833_seoul.csv,11000,,,,,,,,,,,,,,,,
2024-01-07,108,,rn_20250714090833_seoul.csv,11000,,,,,,,,,,,,,,,,
2024-01-08,108,,rn_20250714090833_seoul.csv,11000,,,,,,,,,,,,,,,,
2024-01-09,108,1.6,rn_20250714090833_seoul.csv,11000,,,,,,,,,,,,,,,,
2024-01-10,108,,rn_20250714090833_seoul.csv,11000,,,,,,,,,,,,,,,,
2024-01-11,108,,rn_20250714090833_seoul.csv,11000,,,,,,,,,,,,,,,,
2024-01-12,108,,rn_20250714090833_seoul.csv,11000,,,,,,,,,,,,,,,,
2024-01-13,108,,rn_20250714090833_seoul.csv,11000,,,,,,,,,,,,,,,,
2024-01-14,108,3.1,rn_20250714090833_seoul.csv,11000,,,,,,,,,,,,,,,,
2024-01-15,108,,rn_20250714090833_seoul.csv,11000,,,,,,,,,,,,,,,,
2024-01-16,108,,rn_20250714090833_seoul.csv,11000,,,,,,,,,,,,,,,,
2024-01-17,108,9.7,rn_20250714090833_seoul.csv,11000,,,,,,,,,,,,,,,,
2024-01-18,108,0.5,rn_20250714090833_seoul.csv,11000,,,,,,,,,,,,,,,,
2024-01-19,108,,rn_20250714090833_seoul.csv,11000,,,,,,,,,,,,,,,,
2024-01-20,108,0.4,rn_20250714090833_seoul.csv,11000,,,,,,,,,,,,,,,,
2024-01-21,108,0.4,rn_20250714090833_seoul.csv,11000,,,,,,,,,,,,,,,,
2024-01-22,108,0.2,rn_20250714090833_seoul.csv,11000,,,,,,,,,,,,,,,,
2024-01-23,108,,rn_20250714090833_seoul.csv,11000,,,,,,,,,,,,,,,,
2024-01-24,108,,rn_20250714090833_seoul.csv,11000,,,,,,,,,,,,,,,,
2024-01-25,108,,rn_20250714090833_seoul.csv,11000,,,,,,,,,,,,,,,,
2024-01-26,108,,rn_20250714090833_seoul.csv,11000,,,,,,,,,,,,,,,,
2024-01-27,108,,rn_20250714090833_seoul.csv,11000,,,,,,,,,,,,,,,,
2024-01-28,108,,rn_20250714090833_seoul.csv,11000,,,,,,,,,,,,,,,,
2024-01-29,108,,rn_20250714090833_seoul.csv,11000,,,,,,,,,,,,,,,,
2024-01-30,108,,rn_20250714090833_seoul.csv,11000,,,,,,,,,,,,,,,,
2024-01-31,108,,rn_20250714090833_seoul.csv,11000,,,,,,,,,,,,,,,,
2024-02-01,108,,rn_20250714090833_seoul.csv,11000,,,,,,,,,,,,,,,,
2024-02-02,108,,rn_20250714090833_seoul.csv,11000,,,,,,,,,,,,,,,,
2024-02-03,108,0,rn_20250714090833_seoul.csv,11000,,,,,,,,,,,,,,,,
2024-02-04,108,,rn_20250714090833_seoul.csv,11000,,,,,,,,,,,,,,,,
2024-02-05,108,3.9,rn_20250714090833_seoul.csv,11000,,,,,,,,,,,,,,,,
2024-02-06,108,0.2,rn_20250714090833_seoul.csv,11000,,,,,,,,,,,,,,,,
2024-02-07,108,0,rn_20250714090833_seoul.csv,11000,,,,,,,,,,,,,,,,
2024-02-08,108,,rn_20250714090833_seoul.csv,11000,,,,,,,,,,,,,,,,
2024-02-09,108,,rn_20250714090833_seoul.csv,11000,,,,,,,,,,,,,,,,
2024-02-10,108,,rn_20250714090833_seoul.csv,11000,,,,,,,,,,,,,,,,
2024-02-11,108,0,rn_20250714090833_seoul.csv,11000,,,,,,,,,,,,,,,,
2024-02-12,108,,rn_20250714090833_seoul.csv,11000,,,,,,,,,,,,,,,,
2024-02-13,108,,rn_20250714090833_seoul.csv,11000,,,,,,,,,,,,,,,,
2024-02-14,108,,rn_20250714090833_seoul.csv,11000,,,,,,,,,,,,,,,,
2024-02-15,108,10.9,rn_20250714090833_seoul.csv,11000,,,,,,,,,,,,,,,,
2024-02-16,108,,rn_20250714090833_seoul.csv,11000,,,,,,,,,,,,,,,,
2024-02-17,108,,rn_20250714090833_seoul.csv,11000,,,,,,,,,,,,,,,,
2024-02-18,108,17.1,rn_20250714090833_seoul.csv,11000,,,,,,,,,,,,,,,,
2024-02-19,108,8.9,rn_20250714090833_seoul.csv,11000,,,,,,,,,,,,,,,,
2024-02-20,108,2.6,rn_20250714090833_seoul.csv,11000,,,,,,,,,,,,,,,,
2024-02-21,108,17.8,rn_20250714090833_seoul.csv,11000,,,,,,,,,,,,,,,,
2024-02-22,108,8.8,rn_20250714090833_seoul.csv,11000,,,,,,,,,,,,,,,,
2024-02-23,108,0.4,rn_20250714090833_seoul.csv,11000,,,,,,,,,,,,,,,,
2024-02-24,108,2.3,rn_20250714090833_seoul.csv,11000,,,,,,,,,,,,,,,,
2024-02-25,108,1.8,rn_20250714090833_seoul.csv,11000,,,,,,,,,,,,,,,,
2024-02-26,108,,rn_20250714090833_seoul.csv,11000,,,,,,,,,,,,,,,,
2024-02-27,108,,rn_20250714090833_seoul.csv,11000,,,,,,,,,,,,,,,,
2024-02-28,108,,rn_20250714090833_seoul.csv,11000,,,,,,,,,,,,,,,,
2024-02-29,108,,rn_20250714090833_seoul.csv,11000,,,,,,,,,,,,,,,,
2024-03-01,108,,rn_20250714090833_seoul.csv,11000,,,,,,,,,,,,,,,,
2024-03-02,108,0,rn_20250714090833_seoul.csv,11000,,,,,,,,,,,,,,,,
2024-03-03,108,,rn_20250714090833_seoul.csv,11000,,,,,,,,,,,,,,,,
2024-03-04,108,,rn_20250714090833_seoul.csv,11000,,,,,,,,,,,,,,,,
2024-03-05,108,,rn_20250714090833_seoul.csv,11000,,,,,,,,,,,,,,,,
2024-03-06,108,,rn_20250714090833_seoul.csv,11000,,,,,,,,,,,,,,,,
2024-03-07,108,2.1,rn_20250714090833_seoul.csv,11000,,,,,,,,,,,,,,,,
2024-03-08,108,,rn_20250714090833_seoul.csv,11000,,,,,,,,,,,,,,,,
2024-03-09,108,,rn_20250714090833_seoul.csv,11000,,,,,,,,,,,,,,,,
2024-03-10,108,,rn_20250714090833_seoul.csv,11000,,,,,,,,,,,,,,,,
2024-03-11,108,,rn_20250714090833_seoul.csv,11000,,,,,,,,,,,,,,,,
2024-03-12,108,2.1,rn_20250714090833_seoul.csv,11000,,,,,,,,,,,,,,,,
2024-03-13,108,,rn_20250714090833_seoul.csv,11000,,,,,,,,,,,,,,,,
2024-03-14,108,,rn_20250714090833_seoul.csv,11000,,,,,,,,,,,,,,,,
2024-03-15,108,,rn_20250714090833_seoul.csv,11000,,,,,,,,,,,,,,,,
2024-03-16,108,,rn_20250714090833_seoul.csv,11000,,,,,,,,,,,,,,,,
2024-03-17,108,0.1,rn_20250714090833_seoul.csv,11000,,,,,,,,,,,,,,,,
2024-03-18,108,,rn_20250714090833_seoul.csv,11000,,,,,,,,,,,,,,,,
2024-03-19,108,0.2,rn_20250714090833_seoul.csv,11000,,,,,,,,,,,,,,,,
2024-03-20,108,,rn_20250714090833_seoul.csv,11000,,,,,,,,,,,,,,,,
2024-03-21,108,,rn_20250714090833_seoul.csv,11000,,,,,,,,,,,,,,,,
2024-03-22,108,5.4,rn_20250714090833_seoul.csv,11000,,,,,,,,,,,,,,,,
2024-03-23,108,0.1,rn_20250714090833_seoul.csv,11000,,,,,,,,,,,,,,,,
2024-03-24,108,,rn_20250714090833_seoul.csv,11000,,,,,,,,,,,,,,,,
2024-03-25,108,5.1,rn_20250714090833_seoul.csv,11000,,,,,,,,,,,,,,,,
2024-03-26,108,11.5,rn_20250714090833_seoul.csv,11000,,,,,,,,,,,,,,,,
2024-03-27,108,,rn_20250714090833_seoul.csv,11000,,,,,,,,,,,,,,,,
2024-03-28,108,1.9,rn_20250714090833_seoul.csv,11000,,,,,,,,,,,,,,,,
2024-03-29,108,1.4,rn_20250714090833_seoul.csv,11000,,,,,,,,,,,,,,,,
2024-03-30,108,,rn_20250714090833_seoul.csv,11000,,,,,,,,,,,,,,,,
2024-03-31,108,,rn_20250714090833_seoul.csv,11000,,,,,,,,,,,,,,,,
2024-04-01,108,,rn_20250714090833_seoul.csv,11000,,,,,,,,,,,,,,,,
2024-04-02,108,,rn_20250714090833_seoul.csv,11000,,,,,,,,,,,,,,,,
2024-04-03,108,0,rn_20250714090833_seoul.csv,11000,,,,,,,,,,,,,,,,
2024-04-04,108,,rn_20250714090833_seoul.csv,11000,,,,,,,,,,,,,,,,
2024-04-05,108,,rn_20250714090833_seoul.csv,11000,,,,,,,,,,,,,,,,
2024-04-06,108,,rn_20250714090833_seoul.csv,11000,,,,,,,,,,,,,,,,
2024-04-07,108,,rn_20250714090833_seoul.csv,11000,,,,,,,,,,,,,,,,
2024-04-08,108,,rn_20250714090833_seoul.csv,11000,,,,,,,,,,,,,,,,
2024-04-09,108,,rn_20250714090833_seoul.csv,11000,,,,,,,,,,,,,,,,
2024-04-10,108,,rn_20250714090833_seoul.csv,11000,,,,,,,,,,,,,,,,
2024-04-11,108,0,rn_20250714090833_seoul.csv,11000,,,,,,,,,,,,,,,,
2024-04-12,108,,rn_20250714090833_seoul.csv,11000,,,,,,,,,,,,,,,,
2024-04-13,108,,rn_20250714090833_seoul.csv,11000,,,,,,,,,,,,,,,,
2024-04-14,108,,rn_20250714090833_seoul.csv,11000,,,,,,,,,,,,,,,,
2024-04-15,108,17.1,rn_20250714090833_seoul.csv,11000,,,,,,,,,,,,,,,,
2024-04-16,108,2.3,rn_20250714090833_seoul.csv,11000,,,,,,,,,,,,,,,,
2024-04-17,108,,rn_20250714090833_seoul.csv,11000,,,,,,,,,,,,,,,,
2024-04-18,108,,rn_20250714090833_seoul.csv,11000,,,,,,,,,,,,,,,,
2024-04-19,108,,rn_20250714090833_seoul.csv,11000,,,,,,,,,,,,,,,,
2024-04-20,108,4.8,rn_20250714090833_seoul.csv,11000,,,,,,,,,,,,,,,,
2024-04-21,108,,rn_20250714090833_seoul.csv,11000,,,,,,,,,,,,,,,,
2024-04-22,108,,rn_20250714090833_seoul.csv,11000,,,,,,,,,,,,,,,,
2024-04-23,108,0,rn_20250714090833_seoul.csv,11000,,,,,,,,,,,,,,,,
2024-04-24,108,9,rn_20250714090833_seoul.csv,11000,,,,,,,,,,,,,,,,
2024-04-25,108,,rn_20250714090833_seoul.csv,11000,,,,,,,,,,,,,,,,
2024-04-26,108,,rn_20250714090833_seoul.csv,11000,,,,,,,,,,,,,,,,
2024-04-27,108,,rn_20250714090833_seoul.csv,11000,,,,,,,,,,,,,,,,
2024-04-28,108,,rn_20250714090833_seoul.csv,11000,,,,,,,,,,,,,,,,
2024-04-29,108,,rn_20250714090833_seoul.csv,11000,,,,,,,,,,,,,,,,
2024-04-30,108,,rn_20250714090833_seoul.csv,11000,,,,,,,,,,,,,,,,
2024-05-01,108,,rn_20250714090833_seoul.csv,11000,,,,,,,,,,,,,,,,
2024-05-02,108,,rn_20250714090833_seoul.csv,11000,,,,,,,,,,,,,,,,
2024-05-03,108,,rn_20250714090833_seoul.csv,11000,,,,,,,,,,,,,,,,
2024-05-04,108,0,rn_20250714090833_seoul.csv,11000,,,,,,,,,,,,,,,,
2024-05-05,108,48.3,rn_20250714090833_seoul.csv,11000,,,,,,,,,,,,,,,,
2024-05-06,108,12.3,rn_20250714090833_seoul.csv,11000,,,,,,,,,,,,,,,,
2024-05-07,108,2.4,rn_20250714090833_seoul.csv,11000,,,,,,,,,,,,,,,,
2024-05-08,108,,rn_20250714090833_seoul.csv,11000,,,,,,,,,,,,,,,,
2024-05-09,108,,rn_20250714090833_seoul.csv,11000,,,,,,,,,,,,,,,,
2024-05-10,108,,rn_20250714090833_seoul.csv,11000,,,,,,,,,,,,,,,,
2024-05-11,108,31.7,rn_20250714090833_seoul.csv,11000,,,,,,,,,,,,,,,,
2024-05-12,108,,rn_20250714090833_seoul.csv,11000,,,,,,,,,,,,,,,,
2024-05-13,108,,rn_20250714090833_seoul.csv,11000,,,,,,,,,,,,,,,,
2024-05-14,108,,rn_20250714090833_seoul.csv,11000,,,,,,,,,,,,,,,,
2024-05-15,108,20.6,rn_20250714090833_seoul.csv,11000,,,,,,,,,,,,,,,,
2024-05-16,108,0.1,rn_20250714090833_seoul.csv,11000,,,,,,,,,,,,,,,,
2024-05-17,108,,rn_20250714090833_seoul.csv,11000,,,,,,,,,,,,,,,,
2024-05-18,108,,rn_20250714090833_seoul.csv,11000,,,,,,,,,,,,,,,,
2024-05-19,108,,rn_20250714090833_seoul.csv,11000,,,,,,,,,,,,,,,,
2024-05-20,108,,rn_20250714090833_seoul.csv,11000,,,,,,,,,,,,,,,,
2024-05-21,108,,rn_20250714090833_seoul.csv,11000,,,,,,,,,,,,,,,,
2024-05-22,108,,rn_20250714090833_seoul.csv,11000,,,,,,,,,,,,,,,,
2024-05-23,108,,rn_20250714090833_seoul.csv,11000,,,,,,,,,,,,,,,,
2024-05-24,108,,rn_20250714090833_seoul.csv,11000,,,,,,,,,,,,,,,,
2024-05-25,108,,rn_20250714090833_seoul.csv,11000,,,,,,,,,,,,,,,,
2024-05-26,108,8.7,rn_20250714090833_seoul.csv,11000,,,,,,,,,,,,,,,,
2024-05-27,108,,rn_20250714090833_seoul.csv,11000,,,,,,,,,,,,,,,,
2024-05-28,108,,rn_20250714090833_seoul.csv,11000,,,,,,,,,,,,,,,,
2024-05-29,108,,rn_20250714090833_seoul.csv,11000,,,,,,,,,,,,,,,,
2024-05-30,108,,rn_20250714090833_seoul.csv,11000,,,,,,,,,,,,,,,,
2024-05-31,108,1,rn_20250714090833_seoul.csv,11000,,,,,,,,,,,,,,,,
2024-06-01,108,0,rn_20250714090833_seoul.csv,11000,,,,,,,,,,,,,,,,
2024-06-02,108,,rn_20250714090833_seoul.csv,11000,,,,,,,,,,,,,,,,
2024-06-03,108,,rn_20250714090833_seoul.csv,11000,,,,,,,,,,,,,,,,
2024-06-04,108,,rn_20250714090833_seoul.csv,11000,,,,,,,,,,,,,,,,
2024-06-05,108,,rn_20250714090833_seoul.csv,11000,,,,,,,,,,,,,,,,
2024-06-06,108,,rn_20250714090833_seoul.csv,11000,,,,,,,,,,,,,,,,
2024-06-07,108,0.8,rn_20250714090833_seoul.csv,11000,,,,,,,,,,,,,,,,
2024-06-08,108,16.9,rn_20250714090833_seoul.csv,11000,,,,,,,,,,,,,,,,
2024-06-09,108,,rn_20250714090833_seoul.csv,11000,,,,,,,,,,,,,,,,
2024-06-10,108,,rn_20250714090833_seoul.csv,11000,,,,,,,,,,,,,,,,
2024-06-11,108,,rn_20250714090833_seoul.csv,11000,,,,,,,,,,,,,,,,
2024-06-12,108,,rn_20250714090833_seoul.csv,11000,,,,,,,,,,,,,,,,
2024-06-13,108,,rn_20250714090833_seoul.csv,11000,,,,,,,,,,,,,,,,
2024-06-14,108,,rn_20250714090833_seoul.csv,11000,,,,,,,,,,,,,,,,
2024-06-15,108,6.1,rn_20250714090833_seoul.csv,11000,,,,,,,,,,,,,,,,
2024-06-16,108,,rn_20250714090833_seoul.csv,11000,,,,,,,,,,,,,,,,
2024-06-17,108,,rn_20250714090833_seoul.csv,11000,,,,,,,,,,,,,,,,
2024-06-18,108,,rn_20250714090833_seoul.csv,11000,,,,,,,,,,,,,,,,
2024-06-19,108,,rn_20250714090833_seoul.csv,11000,,,,,,,,,,,,,,,,
2024-06-20,108,,rn_20250714090833_seoul.csv,11000,,,,,,,,,,,,,,,,
2024-06-21,108,,rn_20250714090833_seoul.csv,11000,,,,,,,,,,,,,,,,
2024-06-22,108,16.5,rn_20250714090833_seoul.csv,11000,,,,,,,,,,,,,,,,
2024-06-23,108,5.1,rn_20250714090833_seoul.csv,11000,,,,,,,,,,,,,,,,
2024-06-24,108,0,rn_20250714090833_seoul.csv,11000,,,,,,,,,,,,,,,,
2024-06-25,108,,rn_20250714090833_seoul.csv,11000,,,,,,,,,,,,,,,,
2024-06-26,108,,rn_20250714090833_seoul.csv,11000,,,,,,,,,,,,,,,,
2024-06-27,108,,rn_20250714090833_seoul.csv,11000,,,,,,,,,,,,,,,,
2024-06-28,108,,rn_20250714090833_seoul.csv,11000,,,,,,,,,,,,,,,,
2024-06-29,108,38.3,rn_20250714090833_seoul.csv,11000,,,,,,,,,,,,,,,,
2024-06-30,108,32.2,rn_20250714090833_seoul.csv,11000,,,,,,,,,,,,,,,,
2024-07-01,108,,rn_20250714090833_seoul.csv,11000,,,,,,,,,,,,,,,,
2024-07-02,108,65.1,rn_20250714090833_seoul.csv,11000,,,,,,,,,,,,,,,,
2024-07-03,108,0.8,rn_20250714090833_seoul.csv,11000,,,,,,,,,,,,,,,,
2024-07-04,108,3.6,rn_20250714090833_seoul.csv,11000,,,,,,,,,,,,,,,,
2024-07-05,108,4.1,rn_20250714090833_seoul.csv,11000,,,,,,,,,,,,,,,,
2024-07-06,108,2.8,rn_20250714090833_seoul.csv,11000,,,,,,,,,,,,,,,,
2024-07-07,108,28.7,rn_20250714090833_seoul.csv,11000,,,,,,,,,,,,,,,,
2024-07-08,108,21.1,rn_20250714090833_seoul.csv,11000,,,,,,,,,,,,,,,,
2024-07-09,108,0.3,rn_20250714090833_seoul.csv,11000,,,,,,,,,,,,,,,,
2024-07-10,108,1.4,rn_20250714090833_seoul.csv,11000,,,,,,,,,,,,,,,,
2024-07-11,108,,rn_20250714090833_seoul.csv,11000,,,,,,,,,,,,,,,,
2024-07-12,108,,rn_20250714090833_seoul.csv,11000,,,,,,,,,,,,,,,,
2024-07-13,108,0,rn_20250714090833_seoul.csv,11000,,,,,,,,,,,,,,,,
2024-07-14,108,0.4,rn_20250714090833_seoul.csv,11000,,,,,,,,,,,,,,,,
2024-07-15,108,0,rn_20250714090833_seoul.csv,11000,,,,,,,,,,,,,,,,
2024-07-16,108,17,rn_20250714090833_seoul.csv,11000,,,,,,,,,,,,,,,,
2024-07-17,108,98.8,rn_20250714090833_seoul.csv,11000,,,,,,,,,,,,,,,,
2024-07-18,108,128.8,rn_20250714090833_seoul.csv,11000,,,,,,,,,,,,,,,,
2024-07-19,108,0.1,rn_20250714090833_seoul.csv,11000,,,,,,,,,,,,,,,,
2024-07-20,108,14.9,rn_20250714090833_seoul.csv,11000,,,,,,,,,,,,,,,,
2024-07-21,108,8.5,rn_20250714090833_seoul.csv,11000,,,,,,,,,,,,,,,,
2024-07-22,108,79.9,rn_20250714090833_seoul.csv,11000,,,,,,,,,,,,,,,,
2024-07-23,108,2,rn_20250714090833_seoul.csv,11000,,,,,,,,,,,,,,,,
2024-07-24,108,14.7,rn_20250714090833_seoul.csv,11000,,,,,,,,,,,,,,,,
2024-07-25,108,25.3,rn_20250714090833_seoul.csv,11000,,,,,,,,,,,,,,,,
2024-07-26,108,5.5,rn_20250714090833_seoul.csv,11000,,,,,,,,,,,,,,,,
2024-07-27,108,33.5,rn_20250714090833_seoul.csv,11000,,,,,,,,,,,,,,,,
2024-07-28,108,0,rn_20250714090833_seoul.csv,11000,,,,,,,,,,,,,,,,
2024-07-29,108,0,rn_20250714090833_seoul.csv,11000,,,,,,,,,,,,,,,,
2024-07-30,108,,rn_20250714090833_seoul.csv,11000,,,,,,,,,,,,,,,,
2024-07-31,108,,rn_20250714090833_seoul.csv,11000,,,,,,,,,,,,,,,,
2024-08-01,108,0.3,rn_20250714090833_seoul.csv,11000,,,,,,,,,,,,,,,,
2024-08-02,108,,rn_20250714090833_seoul.csv,11000,,,,,,,,,,,,,,,,
2024-08-03,108,,rn_20250714090833_seoul.csv,11000,,,,,,,,,,,,,,,,
2024-08-04,108,,rn_20250714090833_seoul.csv,11000,,,,,,,,,,,,,,,,
2024-08-05,108,1.3,rn_20250714090833_seoul.csv,11000,,,,,,,,,,,,,,,,
2024-08-06,108,0,rn_20250714090833_seoul.csv,11000,,,,,,,,,,,,,,,,
2024-08-07,108,3.4,rn_20250714090833_seoul.csv,11000,,,,,,,,,,,,,,,,
2024-08-08,108,0,rn_20250714090833_seoul.csv,11000,,,,,,,,,,,,,,,,
2024-08-09,108,,rn_20250714090833_seoul.csv,11000,,,,,,,,,,,,,,,,
2024-08-10,108,,rn_20250714090833_seoul.csv,11000,,,,,,,,,,,,,,,,
2024-08-11,108,,rn_20250714090833_seoul.csv,11000,,,,,,,,,,,,,,,,
2024-08-12,108,,rn_20250714090833_seoul.csv,11000,,,,,,,,,,,,,,,,
2024-08-13,108,0,rn_20250714090833_seoul.csv,11000,,,,,,,,,,,,,,,,
2024-08-14,108,3,rn_20250714090833_seoul.csv,11000,,,,,,,,,,,,,,,,
2024-08-15,108,6.4,rn_20250714090833_seoul.csv,11000,,,,,,,,,,,,,,,,
2024-08-16,108,0,rn_20250714090833_seoul.csv,11000,,,,,,,,,,,,,,,,
2024-08-17,108,11,rn_20250714090833_seoul.csv,11000,,,,,,,,,,,,,,,,
2024-08-18,108,0,rn_20250714090833_seoul.csv,11000,,,,,,,,,,,,,,,,
2024-08-19,108,2.3,rn_20250714090833_seoul.csv,11000,,,,,,,,,,,,,,,,
2024-08-20,108,0,rn_20250714090833_seoul.csv,11000,,,,,,,,,,,,,,,,
2024-08-21,108,42.2,rn_20250714090833_seoul.csv,11000,,,,,,,,,,,,,,,,
2024-08-22,108,0.6,rn_20250714090833_seoul.csv,11000,,,,,,,,,,,,,,,,
2024-08-23,108,0,rn_20250714090833_seoul.csv,11000,,,,,,,,,,,,,,,,
2024-08-24,108,2,rn_20250714090833_seoul.csv,11000,,,,,,,,,,,,,,,,
2024-08-25,108,,rn_20250714090833_seoul.csv,11000,,,,,,,,,,,,,,,,
2024-08-26,108,0,rn_20250714090833_seoul.csv,11000,,,,,,,,,,,,,,,,
2024-08-27,108,0.3,rn_20250714090833_seoul.csv,11000,,,,,,,,,,,,,,,,
2024-08-28,108,,rn_20250714090833_seoul.csv,11000,,,,,,,,,,,,,,,,
2024-08-29,108,,rn_20250714090833_seoul.csv,11000,,,,,,,,,,,,,,,,
2024-08-30,108,,rn_20250714090833_seoul.csv,11000,,,,,,,,,,,,,,,,
2024-08-31,108,,rn_20250714090833_seoul.csv,11000,,,,,,,,,,,,,,,,
2024-09-01,108,,rn_20250714090833_seoul.csv,11000,,,,,,,,,,,,,,,,
2024-09-02,108,2.7,rn_20250714090833_seoul.csv,11000,,,,,,,,,,,,,,,,
2024-09-03,108,,rn_20250714090833_seoul.csv,11000,,,,,,,,,,,,,,,,
2024-09-04,108,,rn_20250714090833_seoul.csv,11000,,,,,,,,,,,,,,,,
2024-09-05,108,6.9,rn_20250714090833_seoul.csv,11000,,,,,,,,,,,,,,,,
2024-09-06,108,0.7,rn_20250714090833_seoul.csv,11000,,,,,,,,,,,,,,,,
2024-09-07,108,0,rn_20250714090833_seoul.csv,11000,,,,,,,,,,,,,,,,
2024-09-08,108,,rn_20250714090833_seoul.csv,11000,,,,,,,,,,,,,,,,
2024-09-09,108,,rn_20250714090833_seoul.csv,11000,,,,,,,,,,,,,,,,
2024-09-10,108,,rn_20250714090833_seoul.csv,11000,,,,,,,,,,,,,,,,
2024-09-11,108,0.4,rn_20250714090833_seoul.csv,11000,,,,,,,,,,,,,,,,
2024-09-12,108,32.7,rn_20250714090833_seoul.csv,11000,,,,,,,,,,,,,,,,
2024-09-13,108,7.6,rn_20250714090833_seoul.csv,11000,,,,,,,,,,,,,,,,
2024-09-14,108,0,rn_20250714090833_seoul.csv,11000,,,,,,,,,,,,,,,,
2024-09-15,108,,rn_20250714090833_seoul.csv,11000,,,,,,,,,,,,,,,,
2024-09-16,108,9.5,rn_20250714090833_seoul.csv,11000,,,,,,,,,,,,,,,,
2024-09-17,108,,rn_20250714090833_seoul.csv,11000,,,,,,,,,,,,,,,,
2024-09-18,108,0.7,rn_20250714090833_seoul.csv,11000,,,,,,,,,,,,,,,,
2024-09-19,108,,rn_20250714090833_seoul.csv,11000,,,,,,,,,,,,,,,,
2024-09-20,108,54.5,rn_20250714090833_seoul.csv,11000,,,,,,,,,,,,,,,,
2024-09-21,108,27,rn_20250714090833_seoul.csv,11000,,,,,,,,,,,,,,,,
2024-09-22,108,,rn_20250714090833_seoul.csv,11000,,,,,,,,,,,,,,,,
2024-09-23,108,,rn_20250714090833_seoul.csv,11000,,,,,,,,,,,,,,,,
2024-09-24,108,,rn_20250714090833_seoul.csv,11000,,,,,,,,,,,,,,,,
2024-09-25,108,0,rn_20250714090833_seoul.csv,11000,,,,,,,,,,,,,,,,
2024-09-26,108,1.2,rn_20250714090833_seoul.csv,11000,,,,,,,,,,,,,,,,
2024-09-27,108,,rn_20250714090833_seoul.csv,11000,,,,,,,,,,,,,,,,
2024-09-28,108,,rn_20250714090833_seoul.csv,11000,,,,,,,,,,,,,,,,
2024-09-29,108,,rn_20250714090833_seoul.csv,11000,,,,,,,,,,,,,,,,
2024-09-30,108,,rn_20250714090833_seoul.csv,11000,,,,,,,,,,,,,,,,
2024-10-01,108,2.5,rn_20250714090833_seoul.csv,11000,,,,,,,,,,,,,,,,
2024-10-02,108,,rn_20250714090833_seoul.csv,11000,,,,,,,,,,,,,,,,
2024-10-03,108,,rn_20250714090833_seoul.csv,11000,,,,,,,,,,,,,,,,
2024-10-04,108,,rn_20250714090833_seoul.csv,11000,,,,,,,,,,,,,,,,
2024-10-05,108,,rn_20250714090833_seoul.csv,11000,,,,,,,,,,,,,,,,
2024-10-06,108,0,rn_20250714090833_seoul.csv,11000,,,,,,,,,,,,,,,,
2024-10-07,108,,rn_20250714090833_seoul.csv,11000,,,,,,,,,,,,,,,,
2024-10-08,108,,rn_20250714090833_seoul.csv,11000,,,,,,,,,,,,,,,,
2024-10-09,108,,rn_20250714090833_seoul.csv,11000,,,,,,,,,,,,,,,,
2024-10-10,108,0,rn_20250714090833_seoul.csv,11000,,,,,,,,,,,,,,,,
2024-10-11,108,,rn_20250714090833_seoul.csv,11000,,,,,,,,,,,,,,,,
2024-10-12,108,,rn_20250714090833_seoul.csv,11000,,,,,,,,,,,,,,,,
2024-10-13,108,,rn_20250714090833_seoul.csv,11000,,,,,,,,,,,,,,,,
2024-10-14,108,0,rn_20250714090833_seoul.csv,11000,,,,,,,,,,,,,,,,
2024-10-15,108,0.5,rn_20250714090833_seoul.csv,11000,,,,,,,,,,,,,,,,
2024-10-16,108,,rn_20250714090833_seoul.csv,11000,,,,,,,,,,,,,,,,
2024-10-17,108,,rn_20250714090833_seoul.csv,11000,,,,,,,,,,,,,,,,
2024-10-18,108,47.1,rn_20250714090833_seoul.csv,11000,,,,,,,,,,,,,,,,
2024-10-19,108,1,rn_20250714090833_seoul.csv,11000,,,,,,,,,,,,,,,,
2024-10-20,108,,rn_20250714090833_seoul.csv,11000,,,,,,,,,,,,,,,,
2024-10-21,108,0,rn_20250714090833_seoul.csv,11000,,,,,,,,,,,,,,,,
2024-10-22,108,20.6,rn_20250714090833_seoul.csv,11000,,,,,,,,,,,,,,,,
2024-10-23,108,2.3,rn_20250714090833_seoul.csv,11000,,,,,,,,,,,,,,,,
2024-10-24,108,,rn_20250714090833_seoul.csv,11000,,,,,,,,,,,,,,,,
2024-10-25,108,,rn_20250714090833_seoul.csv,11000,,,,,,,,,,,,,,,,
2024-10-26,108,,rn_20250714090833_seoul.csv,11000,,,,,,,,,,,,,,,,
2024-10-27,108,0,rn_20250714090833_seoul.csv,11000,,,,,,,,,,,,,,,,
2024-10-28,108,0,rn_20250714090833_seoul.csv,11000,,,,,,,,,,,,,,,,
2024-10-29,108,0,rn_20250714090833_seoul.csv,11000,,,,,,,,,,,,,,,,
2024-10-30,108,,rn_20250714090833_seoul.csv,11000,,,,,,,,,,,,,,,,
2024-10-31,108,,rn_20250714090833_seoul.csv,11000,,,,,,,,,,,,,,,,
2024-11-01,108,,rn_20250714090833_seoul.csv,11000,,,,,,,,,,,,,,,,
2024-11-02,108,,rn_20250714090833_seoul.csv,11000,,,,,,,,,,,,,,,,
2024-11-03,108,0,rn_20250714090833_seoul.csv,11000,,,,,,,,,,,,,,,,
2024-11-04,108,0.1,rn_20250714090833_seoul.csv,11000,,,,,,,,,,,,,,,,
2024-11-05,108,,rn_20250714090833_seoul.csv,11000,,,,,,,,,,,,,,,,
2024-11-06,108,,rn_20250714090833_seoul.csv,11000,,,,,,,,,,,,,,,,
2024-11-07,108,,rn_20250714090833_seoul.csv,11000,,,,,,,,,,,,,,,,
2024-11-08,108,,rn_20250714090833_seoul.csv,11000,,,,,,,,,,,,,,,,
2024-11-09,108,,rn_20250714090833_seoul.csv,11000,,,,,,,,,,,,,,,,
2024-11-10,108,,rn_20250714090833_seoul.csv,11000,,,,,,,,,,,,,,,,
2024-11-11,108,,rn_20250714090833_seoul.csv,11000,,,,,,,,,,,,,,,,
2024-11-12,108,,rn_20250714090833_seoul.csv,11000,,,,,,,,,,,,,,,,
2024-11-13,108,,rn_20250714090833_seoul.csv,11000,,,,,,,,,,,,,,,,
2024-11-14,108,0.1,rn_20250714090833_seoul.csv,11000,,,,,,,,,,,,,,,,
2024-11-15,108,0,rn_20250714090833_seoul.csv,11000,,,,,,,,,,,,,,,,
2024-11-16,108,6.5,rn_20250714090833_seoul.csv,11000,,,,,,,,,,,,,,,,
2024-11-17,108,,rn_20250714090833_seoul.csv,11000,,,,,,,,,,,,,,,,
2024-11-18,108,,rn_20250714090833_seoul.csv,11000,,,,,,,,,,,,,,,,
2024-11-19,108,,rn_20250714090833_seoul.csv,11000,,,,,,,,,,,,,,,,
2024-11-20,108,,rn_20250714090833_seoul.csv,11000,,,,,,,,,,,,,,,,
2024-11-21,108,0,rn_20250714090833_seoul.csv,11000,,,,,,,,,,,,,,,,
2024-11-22,108,,rn_20250714090833_seoul.csv,11000,,,,,,,,,,,,,,,,
2024-11-23,108,,rn_20250714090833_seoul.csv,11000,,,,,,,,,,,,,,,,
2024-11-24,108,,rn_20250714090833_seoul.csv,11000,,,,,,,,,,,,,,,,
2024-11-25,108,0,rn_20250714090833_seoul.csv,11000,,,,,,,,,,,,,,,,
2024-11-26,108,26,rn_20250714090833_seoul.csv,11000,,,,,,,,,,,,,,,,
2024-11-27,108,22.4,rn_20250714090833_seoul.csv,11000,,,,,,,,,,,,,,,,
2024-11-28,108,4.9,rn_20250714090833_seoul.csv,11000,,,,,,,,,,,,,,,,
2024-11-29,108,0,rn_20250714090833_seoul.csv,11000,,,,,,,,,,,,,,,,
2024-11-30,108,0,rn_20250714090833_seoul.csv,11000,,,,,,,,,,,,,,,,
2024-12-01,108,0.5,rn_20250714090833_seoul.csv,11000,,,,,,,,,,,,,,,,
2024-12-02,108,0,rn_20250714090833_seoul.csv,11000,,,,,,,,,,,,,,,,
2024-12-03,108,0,rn_20250714090833_seoul.csv,11000,,,,,,,,,,,,,,,,
2024-12-04,108,0,rn_20250714090833_seoul.csv,11000,,,,,,,,,,,,,,,,
2024-12-05,108,1.8,rn_20250714090833_seoul.csv,11000,,,,,,,,,,,,,,,,
2024-12-06,108,,rn_20250714090833_seoul.csv,11000,,,,,,,,,,,,,,,,
2024-12-07,108,,rn_20250714090833_seoul.csv,11000,,,,,,,,,,,,,,,,
2024-12-08,108,,rn_20250714090833_seoul.csv,11000,,,,,,,,,,,,,,,,
2024-12-09,108,,rn_20250714090833_seoul.csv,11000,,,,,,,,,,,,,,,,
2024-12-10,108,,rn_20250714090833_seoul.csv,11000,,,,,,,,,,,,,,,,
2024-12-11,108,,rn_20250714090833_seoul.csv,11000,,,,,,,,,,,,,,,,
2024-12-12,108,,rn_20250714090833_seoul.csv,11000,,,,,,,,,,,,,,,,
2024-12-13,108,,rn_20250714090833_seoul.csv,11000,,,,,,,,,,,,,,,,
2024-12-14,108,,rn_20250714090833_seoul.csv,11000,,,,,,,,,,,,,,,,
2024-12-15,108,0,rn_20250714090833_seoul.csv,11000,,,,,,,,,,,,,,,,
2024-12-16,108,0,rn_20250714090833_seoul.csv,11000,,,,,,,,,,,,,,,,
2024-12-17,108,,rn_20250714090833_seoul.csv,11000,,,,,,,,,,,,,,,,
2024-12-18,108,,rn_20250714090833_seoul.csv,11000,,,,,,,,,,,,,,,,
2024-12-19,108,,rn_20250714090833_seoul.csv,11000,,,,,,,,,,,,,,,,
2024-12-20,108,0.4,rn_20250714090833_seoul.csv,11000,,,,,,,,,,,,,,,,
2024-12-21,108,2.9,rn_20250714090833_seoul.csv,11000,,,,,,,,,,,,,,,,
2024-12-22,108,,rn_20250714090833_seoul.csv,11000,,,,,,,,,,,,,,,,
2024-12-23,108,,rn_20250714090833_seoul.csv,11000,,,,,,,,,,,,,,,,
2024-12-24,108,,rn_20250714090833_seoul.csv,11000,,,,,,,,,,,,,,,,
2024-12-25,108,0.1,rn_20250714090833_seoul.csv,11000,,,,,,,,,,,,,,,,
2024-12-26,108,0,rn_20250714090833_seoul.csv,11000,,,,,,,,,,,,,,,,
2024-12-27,108,0,rn_20250714090833_seoul.csv,11000,,,,,,,,,,,,,,,,
2024-12-28,108,,rn_20250714090833_seoul.csv,11000,,,,,,,,,,,,,,,,
2024-12-29,108,,rn_20250714090833_seoul.csv,11000,,,,,,,,,,,,,,,,
2024-12-30,108,0,rn_20250714090833_seoul.csv,11000,,,,,,,,,,,,,,,,
2024-12-31,108,0,rn_20250714090833_seoul.csv,11000,,,,,,,,,,,,,,,,
,,,rn_20250714090852_busan.csv,26000,[占싯삼옙占쏙옙占쏙옙],,,,,,,,,,,,,,,
,,,rn_20250714090852_busan.csv,26000,占쌘료구占쏙옙 : 占쏙옙,,,,,,,,,,,,,,,
,,,rn_20250714090852_busan.csv,26000,占쌘뤄옙占쏙옙占쏙옙 : 占썩본,,,,,,,,,,,,,,,
,,,rn_20250714090852_busan.csv,26000,占쏙옙占쏙옙/占쏙옙占쏙옙 : 占싸삼옙,,,,,,,,,,,,,,,
,,,rn_20250714090852_busan.csv,26000,占썩간 : 20240101~20241231,,,,,,,,,,,,,,,
,,,rn_20250714090852_busan.csv,26000,,,,,,,,,,,,,,,,
,占쏙옙占쏙옙,占쏙옙占쏙옙占쏙옙(mm),rn_20250714090852_busan.csv,26000,占쏙옙짜,,,,,,,,,,,,,,,
,159,,rn_20250714090852_busan.csv,26000,2024-01-01,,,,,,,,,,,,,,,
,159,0,rn_20250714090852_busan.csv,26000,2024-01-02,,,,,,,,,,,,,,,
,159,0,rn_20250714090852_busan.csv,26000,2024-01-03,,,,,,,,,,,,,,,
,159,,rn_20250714090852_busan.csv,26000,2024-01-04,,,,,,,,,,,,,,,
,159,,rn_20250714090852_busan.csv,26000,2024-01-05,,,,,,,,,,,,,,,
,159,,rn_20250714090852_busan.csv,26000,2024-01-06,,,,,,,,,,,,,,,
,159,,rn_20250714090852_busan.csv,26000,2024-01-07,,,,,,,,,,,,,,,
,159,,rn_20250714090852_busan.csv,26000,2024-01-08,,,,,,,,,,,,,,,
,159,4,rn_20250714090852_busan.csv,26000,2024-01-09,,,,,,,,,,,,,,,
,159,0.5,rn_20250714090852_busan.csv,26000,2024-01-10,,,,,,,,,,,,,,,
,159,,rn_20250714090852_busan.csv,26000,2024-01-11,,,,,,,,,,,,,,,
,159,,rn_20250714090852_busan.csv,26000,2024-01-12,,,,,,,,,,,,,,,
,159,,rn_20250714090852_busan.csv,26000,2024-01-13,,,,,,,,,,,,,,,
,159,,rn_20250714090852_busan.csv,26000,2024-01-14,,,,,,,,,,,,,,,
,159,,rn_20250714090852_busan.csv,26000,2024-01-15,,,,,,,,,,,,,,,
,159,,rn_20250714090852_busan.csv,26000,2024-01-16,,,,,,,,,,,,,,,
,159,0,rn_20250714090852_busan.csv,26000,2024-01-17,,,,,,,,,,,,,,,
,159,14,rn_20250714090852_busan.csv,26000,2024-01-18,,,,,,,,,,,,,,,
,159,0,rn_20250714090852_busan.csv,26000,2024-01-19,,,,,,,,,,,,,,,
,159,20,rn_20250714090852_busan.csv,26000,2024-01-20,,,,,,,,,,,,,,,
,159,0.3,rn_20250714090852_busan.csv,26000,2024-01-21,,,,,,,,,,,,,,,
,159,0.1,rn_20250714090852_busan.csv,26000,2024-01-22,,,,,,,,,,,,,,,
,159,0,rn_20250714090852_busan.csv,26000,2024-01-23,,,,,,,,,,,,,,,
,159,,rn_20250714090852_busan.csv,26000,2024-01-24,,,,,,,,,,,,,,,
,159,,rn_20250714090852_busan.csv,26000,2024-01-25,,,,,,,,,,,,,,,
,159,,rn_20250714090852_busan.csv,26000,2024-01-26,,,,,,,,,,,,,,,
,159,,rn_20250714090852_busan.csv,26000,2024-01-27,,,,,,,,,,,,,,,
,159,,rn_20250714090852_busan.csv,26000,2024-01-28,,,,,,,,,,,,,,,
,159,,rn_20250714090852_busan.csv,26000,2024-01-29,,,,,,,,,,,,,,,
,159,0,rn_20250714090852_busan.csv,26000,2024-01-30,,,,,,,,,,,,,,,
,159,1.7,rn_20250714090852_busan.csv,26000,2024-01-31,,,,,,,,,,,,,,,
,159,3.1,rn_20250714090852_busan.csv,26000,2024-02-01,,,,,,,,,,,,,,,
,159,0.3,rn_20250714090852_busan.csv,26000,2024-02-02,,,,,,,,,,,,,,,
,159,4,rn_20250714090852_busan.csv,26000,2024-02-03,,,,,,,,,,,,,,,
,159,3.8,rn_20250714090852_busan.csv,26000,2024-02-04,,,,,,,,,,,,,,,
,159,11.8,rn_20250714090852_busan.csv,26000,2024-02-05,,,,,,,,,,,,,,,
,159,0,rn_20250714090852_busan.csv,26000,2024-02-06,,,,,,,,,,,,,,,
,159,,rn_20250714090852_busan.csv,26000,2024-02-07,,,,,,,,,,,,,,,
,159,,rn_20250714090852_busan.csv,26000,2024-02-08,,,,,,,,,,,,,,,
,159,0,rn_20250714090852_busan.csv,26000,2024-02-09,,,,,,,,,,,,,,,
,159,,rn_20250714090852_busan.csv,26000,2024-02-10,,,,,,,,,,,,,,,
,159,,rn_20250714090852_busan.csv,26000,2024-02-11,,,,,,,,,,,,,,,
,159,,rn_20250714090852_busan.csv,26000,2024-02-12,,,,,,,,,,,,,,,
,159,,rn_20250714090852_busan.csv,26000,2024-02-13,,,,,,,,,,,,,,,
,159,8,rn_20250714090852_busan.csv,26000,2024-02-14,,,,,,,,,,,,,,,
,159,0.5,rn_20250714090852_busan.csv,26000,2024-02-15,,,,,,,,,,,,,,,
,159,,rn_20250714090852_busan.csv,26000,2024-02-16,,,,,,,,,,,,,,,
,159,,rn_20250714090852_busan.csv,26000,2024-02-17,,,,,,,,,,,,,,,
,159,15,rn_20250714090852_busan.csv,26000,2024-02-18,,,,,,,,,,,,,,,
,159,63.5,rn_20250714090852_busan.csv,26000,2024-02-19,,,,,,,,,,,,,,,
,159,3.5,rn_20250714090852_busan.csv,26000,2024-02-20,,,,,,,,,,,,,,,
,159,6.7,rn_20250714090852_busan.csv,26000,2024-02-21,,,,,,,,,,,,,,,
,159,3.1,rn_20250714090852_busan.csv,26000,2024-02-22,,,,,,,,,,,,,,,
,159,,rn_20250714090852_busan.csv,26000,2024-02-23,,,,,,,,,,,,,,,
,159,0,rn_20250714090852_busan.csv,26000,2024-02-24,,,,,,,,,,,,,,,
,159,2.9,rn_20250714090852_busan.csv,26000,2024-02-25,,,,,,,,,,,,,,,
,159,,rn_20250714090852_busan.csv,26000,2024-02-26,,,,,,,,,,,,,,,
,159,,rn_20250714090852_busan.csv,26000,2024-02-27,,,,,,,,,,,,,,,
,159,,rn_20250714090852_busan.csv,26000,2024-02-28,,,,,,,,,,,,,,,
,159,10.9,rn_20250714090852_busan.csv,26000,2024-02-29,,,,,,,,,,,,,,,
,159,,rn_20250714090852_busan.csv,26000,2024-03-01,,,,,,,,,,,,,,,
,159,,rn_20250714090852_busan.csv,26000,2024-03-02,,,,,,,,,,,,,,,
,159,,rn_20250714090852_busan.csv,26000,2024-03-03,,,,,,,,,,,,,,,
,159,,rn_20250714090852_busan.csv,26000,2024-03-04,,,,,,,,,,,,,,,
,159,8.5,rn_20250714090852_busan.csv,26000,2024-03-05,,,,,,,,,,,,,,,
,159,0,rn_20250714090852_busan.csv,26000,2024-03-06,,,,,,,,,,,,,,,
,159,0,rn_20250714090852_busan.csv,26000,2024-03-07,,,,,,,,,,,,,,,
,159,,rn_20250714090852_busan.csv,26000,2024-03-08,,,,,,,,,,,,,,,
,159,,rn_20250714090852_busan.csv,26000,2024-03-09,,,,,,,,,,,,,,,
,159,,rn_20250714090852_busan.csv,26000,2024-03-10,,,,,,,,,,,,,,,
,159,4,rn_20250714090852_busan.csv,26000,2024-03-11,,,,,,,,,,,,,,,
,159,3.3,rn_20250714090852_busan.csv,26000,2024-03-12,,,,,,,,,,,,,,,
,159,,rn_20250714090852_busan.csv,26000,2024-03-13,,,,,,,,,,,,,,,
,159,,rn_20250714090852_busan.csv,26000,2024-03-14,,,,,,,,,,,,,,,
,159,,rn_20250714090852_busan.csv,26000,2024-03-15,,,,,,,,,,,,,,,
,159,0,rn_20250714090852_busan.csv,26000,2024-03-16,,,,,,,,,,,,,,,
,159,0,rn_20250714090852_busan.csv,26000,2024-03-17,,,,,,,,,,,,,,,
,159,,rn_20250714090852_busan.csv,26000,2024-03-18,,,,,,,,,,,,,,,
,159,,rn_20250714090852_busan.csv,26000,2024-03-19,,,,,,,,,,,,,,,
,159,,rn_20250714090852_busan.csv,26000,2024-03-20,,,,,,,,,,,,,,,
,159,,rn_20250714090852_busan.csv,26000,2024-03-21,,,,,,,,,,,,,,,
,159,11,rn_20250714090852_busan.csv,26000,2024-03-22,,,,,,,,,,,,,,,
,159,0.7,rn_20250714090852_busan.csv,26000,2024-03-23,,,,,,,,,,,,,,,
,159,3.7,rn_20250714090852_busan.csv,26000,2024-03-24,,,,,,,,,,,,,,,
,159,9.4,rn_20250714090852_busan.csv,26000,2024-03-25,,,,,,,,,,,,,,,
,159,9.8,rn_20250714090852_busan.csv,26000,2024-03-26,,,,,,,,,,,,,,,
,159,,rn_20250714090852_busan.csv,26000,2024-03-27,,,,,,,,,,,,,,,
,159,51.6,rn_20250714090852_busan.csv,26000,2024-03-28,,,,,,,,,,,,,,,
,159,,rn_20250714090852_busan.csv,26000,2024-03-29,,,,,,,,,,,,,,,
,159,,rn_20250714090852_busan.csv,26000,2024-03-30,,,,,,,,,,,,,,,
,159,,rn_20250714090852_busan.csv,26000,2024-03-31,,,,,,,,,,,,,,,
,159,,rn_20250714090852_busan.csv,26000,2024-04-01,,,,,,,,,,,,,,,
,159,4.9,rn_20250714090852_busan.csv,26000,2024-04-02,,,,,,,,,,,,,,,
,159,58.1,rn_20250714090852_busan.csv,26000,2024-04-03,,,,,,,,,,,,,,,
,159,0,rn_20250714090852_busan.csv,26000,2024-04-04,,,,,,,,,,,,,,,
,159,,rn_20250714090852_busan.csv,26000,2024-04-05,,,,,,,,,,,,,,,
,159,,rn_20250714090852_busan.csv,26000,2024-04-06,,,,,,,,,,,,,,,
,159,,rn_20250714090852_busan.csv,26000,2024-04-07,,,,,,,,,,,,,,,
,159,0,rn_20250714090852_busan.csv,26000,2024-04-08,,,,,,,,,,,,,,,
,159,0,rn_20250714090852_busan.csv,26000,2024-04-09,,,,,,,,,,,,,,,
,159,,rn_20250714090852_busan.csv,26000,2024-04-10,,,,,,,,,,,,,,,
,159,,rn_20250714090852_busan.csv,26000,2024-04-11,,,,,,,,,,,,,,,
,159,,rn_20250714090852_busan.csv,26000,2024-04-12,,,,,,,,,,,,,,,
,159,,rn_20250714090852_busan.csv,26000,2024-04-13,,,,,,,,,,,,,,,
,159,,rn_20250714090852_busan.csv,26000,2024-04-14,,,,,,,,,,,,,,,
,159,29.6,rn_20250714090852_busan.csv,26000,2024-04-15,,,,,,,,,,,,,,,
,159,,rn_20250714090852_busan.csv,26000,2024-04-16,,,,,,,,,,,,,,,
,159,,rn_20250714090852_busan.csv,26000,2024-04-17,,,,,,,,,,,,,,,
,159,,rn_20250714090852_busan.csv,26000,2024-04-18,,,,,,,,,,,,,,,
,159,,rn_20250714090852_busan.csv,26000,2024-04-19,,,,,,,,,,,,,,,
,159,18,rn_20250714090852_busan.csv,26000,2024-04-20,,,,,,,,,,,,,,,
,159,2.1,rn_20250714090852_busan.csv,26000,2024-04-21,,,,,,,,,,,,,,,
,159,,rn_20250714090852_busan.csv,26000,2024-04-22,,,,,,,,,,,,,,,
,159,6.8,rn_20250714090852_busan.csv,26000,2024-04-23,,,,,,,,,,,,,,,
,159,0,rn_20250714090852_busan.csv,26000,2024-04-24,,,,,,,,,,,,,,,
,159,,rn_20250714090852_busan.csv,26000,2024-04-25,,,,,,,,,,,,,,,
,159,,rn_20250714090852_busan.csv,26000,2024-04-26,,,,,,,,,,,,,,,
,159,,rn_20250714090852_busan.csv,26000,2024-04-27,,,,,,,,,,,,,,,
,159,,rn_20250714090852_busan.csv,26000,2024-04-28,,,,,,,,,,,,,,,
,159,47.3,rn_20250714090852_busan.csv,26000,2024-04-29,,,,,,,,,,,,,,,
,159,0,rn_20250714090852_busan.csv,26000,2024-04-30,,,,,,,,,,,,,,,
,159,,rn_20250714090852_busan.csv,26000,2024-05-01,,,,,,,,,,,,,,,
,159,,rn_20250714090852_busan.csv,26000,2024-05-02,,,,,,,,,,,,,,,
,159,,rn_20250714090852_busan.csv,26000,2024-05-03,,,,,,,,,,,,,,,
,159,,rn_20250714090852_busan.csv,26000,2024-05-04,,,,,,,,,,,,,,,
,159,53.1,rn_20250714090852_busan.csv,26000,2024-05-05,,,,,,,,,,,,,,,
,159,48.3,rn_20250714090852_busan.csv,26000,2024-05-06,,,,,,,,,,,,,,,
,159,5.8,rn_20250714090852_busan.csv,26000,2024-05-07,,,,,,,,,,,,,,,
,159,0,rn_20250714090852_busan.csv,26000,2024-05-08,,,,,,,,,,,,,,,
,159,,rn_20250714090852_busan.csv,26000,2024-05-09,,,,,,,,,,,,,,,
,159,,rn_20250714090852_busan.csv,26000,2024-05-10,,,,,,,,,,,,,,,
,159,0.5,rn_20250714090852_busan.csv,26000,2024-05-11,,,,,,,,,,,,,,,
,159,26.6,rn_20250714090852_busan.csv,26000,2024-05-12,,,,,,,,,,,,,,,
,159,,rn_20250714090852_busan.csv,26000,2024-05-13,,,,,,,,,,,,,,,
,159,,rn_20250714090852_busan.csv,26000,2024-05-14,,,,,,,,,,,,,,,
,159,0.9,rn_20250714090852_busan.csv,26000,2024-05-15,,,,,,,,,,,,,,,
,159,0,rn_20250714090852_busan.csv,26000,2024-05-16,,,,,,,,,,,,,,,
,159,,rn_20250714090852_busan.csv,26000,2024-05-17,,,,,,,,,,,,,,,
,159,,rn_20250714090852_busan.csv,26000,2024-05-18,,,,,,,,,,,,,,,
,159,,rn_20250714090852_busan.csv,26000,2024-05-19,,,,,,,,,,,,,,,
,159,,rn_20250714090852_busan.csv,26000,2024-05-20,,,,,,,,,,,,,,,
,159,,rn_20250714090852_busan.csv,26000,2024-05-21,,,,,,,,,,,,,,,
,159,,rn_20250714090852_busan.csv,26000,2024-05-22,,,,,,,,,,,,,,,
,159,,rn_20250714090852_busan.csv,26000,2024-05-23,,,,,,,,,,,,,,,
,159,,rn_20250714090852_busan.csv,26000,2024-05-24,,,,,,,,,,,,,,,
,159,,rn_20250714090852_busan.csv,26000,2024-05-25,,,,,,,,,,,,,,,
,159,9.9,rn_20250714090852_busan.csv,26000,2024-05-26,,,,,,,,,,,,,,,
,159,2.2,rn_20250714090852_busan.csv,26000,2024-05-27,,,,,,,,,,,,,,,
,159,,rn_20250714090852_busan.csv,26000,2024-05-28,,,,,,,,,,,,,,,
,159,,rn_20250714090852_busan.csv,26000,2024-05-29,,,,,,,,,,,,,,,
,159,0.3,rn_20250714090852_busan.csv,26000,2024-05-30,,,,,,,,,,,,,,,
,159,0.8,rn_20250714090852_busan.csv,26000,2024-05-31,,,,,,,,,,,,,,,
,159,,rn_20250714090852_busan.csv,26000,2024-06-01,,,,,,,,,,,,,,,
,159,,rn_20250714090852_busan.csv,26000,2024-06-02,,,,,,,,,,,,,,,
,159,,rn_20250714090852_busan.csv,26000,2024-06-03,,,,,,,,,,,,,,,
,159,,rn_20250714090852_busan.csv,26000,2024-06-04,,,,,,,,,,,,,,,
,159,,rn_20250714090852_busan.csv,26000,2024-06-05,,,,,,,,,,,,,,,
,159,,rn_20250714090852_busan.csv,26000,2024-06-06,,,,,,,,,,,,,,,
,159,,rn_20250714090852_busan.csv,26000,2024-06-07,,,,,,,,,,,,,,,
,159,34.6,rn_20250714090852_busan.csv,26000,2024-06-08,,,,,,,,,,,,,,,
,159,5.8,rn_20250714090852_busan.csv,26000,2024-06-09,,,,,,,,,,,,,,,
,159,,rn_20250714090852_busan.csv,26000,2024-06-10,,,,,,,,,,,,,,,
,159,,rn_20250714090852_busan.csv,26000,2024-06-11,,,,,,,,,,,,,,,
,159,,rn_20250714090852_busan.csv,26000,2024-06-12,,,,,,,,,,,,,,,
,159,,rn_20250714090852_busan.csv,26000,2024-06-13,,,,,,,,,,,,,,,
,159,,rn_20250714090852_busan.csv,26000,2024-06-14,,,,,,,,,,,,,,,
,159,3.6,rn_20250714090852_busan.csv,26000,2024-06-15,,,,,,,,,,,,,,,
,159,,rn_20250714090852_busan.csv,26000,2024-06-16,,,,,,,,,,,,,,,
,159,,rn_20250714090852_busan.csv,26000,2024-06-17,,,,,,,,,,,,,,,
,159,,rn_20250714090852_busan.csv,26000,2024-06-18,,,,,,,,,,,,,,,
,159,,rn_20250714090852_busan.csv,26000,2024-06-19,,,,,,,,,,,,,,,
,159,0.2,rn_20250714090852_busan.csv,26000,2024-06-20,,,,,,,,,,,,,,,
,159,0,rn_20250714090852_busan.csv,26000,2024-06-21,,,,,,,,,,,,,,,
,159,42,rn_20250714090852_busan.csv,26000,2024-06-22,,,,,,,,,,,,,,,
,159,0.1,rn_20250714090852_busan.csv,26000,2024-06-23,,,,,,,,,,,,,,,
,159,,rn_20250714090852_busan.csv,26000,2024-06-24,,,,,,,,,,,,,,,
,159,,rn_20250714090852_busan.csv,26000,2024-06-25,,,,,,,,,,,,,,,
,159,,rn_20250714090852_busan.csv,26000,2024-06-26,,,,,,,,,,,,,,,
,159,1.5,rn_20250714090852_busan.csv,26000,2024-06-27,,,,,,,,,,,,,,,
,159,1.4,rn_20250714090852_busan.csv,26000,2024-06-28,,,,,,,,,,,,,,,
,159,68.9,rn_20250714090852_busan.csv,26000,2024-06-29,,,,,,,,,,,,,,,
,159,15.6,rn_20250714090852_busan.csv,26000,2024-06-30,,,,,,,,,,,,,,,
,159,0.1,rn_20250714090852_busan.csv,26000,2024-07-01,,,,,,,,,,,,,,,
,159,34.8,rn_20250714090852_busan.csv,26000,2024-07-02,,,,,,,,,,,,,,,
,159,0.6,rn_20250714090852_busan.csv,26000,2024-07-03,,,,,,,,,,,,,,,
,159,0,rn_20250714090852_busan.csv,26000,2024-07-04,,,,,,,,,,,,,,,
,159,3.2,rn_20250714090852_busan.csv,26000,2024-07-05,,,,,,,,,,,,,,,
,159,,rn_20250714090852_busan.csv,26000,2024-07-06,,,,,,,,,,,,,,,
,159,,rn_20250714090852_busan.csv,26000,2024-07-07,,,,,,,,,,,,,,,
,159,0,rn_20250714090852_busan.csv,26000,2024-07-08,,,,,,,,,,,,,,,
,159,1.4,rn_20250714090852_busan.csv,26000,2024-07-09,,,,,,,,,,,,,,,
,159,32.5,rn_20250714090852_busan.csv,26000,2024-07-10,,,,,,,,,,,,,,,
,159,0,rn_20250714090852_busan.csv,26000,2024-07-11,,,,,,,,,,,,,,,
,159,,rn_20250714090852_busan.csv,26000,2024-07-12,,,,,,,,,,,,,,,
,159,0.5,rn_20250714090852_busan.csv,26000,2024-07-13,,,,,,,,,,,,,,,
,159,54.9,rn_20250714090852_busan.csv,26000,2024-07-14,,,,,,,,,,,,,,,
,159,4.5,rn_20250714090852_busan.csv,26000,2024-07-15,,,,,,,,,,,,,,,
,159,43.7,rn_20250714090852_busan.csv,26000,2024-07-16,,,,,,,,,,,,,,,
,159,,rn_20250714090852_busan.csv,26000,2024-07-17,,,,,,,,,,,,,,,
,159,1.1,rn_20250714090852_busan.csv,26000,2024-07-18,,,,,,,,,,,,,,,
,159,6.5,rn_20250714090852_busan.csv,26000,2024-07-19,,,,,,,,,,,,,,,
,159,,rn_20250714090852_busan.csv,26000,2024-07-20,,,,,,,,,,,,,,,
,159,0.1,rn_20250714090852_busan.csv,26000,2024-07-21,,,,,,,,,,,,,,,
,159,,rn_20250714090852_busan.csv,26000,2024-07-22,,,,,,,,,,,,,,,
,159,0.7,rn_20250714090852_busan.csv,26000,2024-07-23,,,,,,,,,,,,,,,
,159,176.3,rn_20250714090852_busan.csv,26000,2024-07-24,,,,,,,,,,,,,,,
,159,1.5,rn_20250714090852_busan.csv,26000,2024-07-25,,,,,,,,,,,,,,,
,159,0,rn_20250714090852_busan.csv,26000,2024-07-26,,,,,,,,,,,,,,,
,159,,rn_20250714090852_busan.csv,26000,2024-07-27,,,,,,,,,,,,,,,
,159,,rn_20250714090852_busan.csv,26000,2024-07-28,,,,,,,,,,,,,,,
,159,,rn_20250714090852_busan.csv,26000,2024-07-29,,,,,,,,,,,,,,,
,159,,rn_20250714090852_busan.csv,26000,2024-07-30,,,,,,,,,,,,,,,
,159,,rn_20250714090852_busan.csv,26000,2024-07-31,,,,,,,,,,,,,,,
,159,,rn_20250714090852_busan.csv,26000,2024-08-01,,,,,,,,,,,,,,,
,159,,rn_20250714090852_busan.csv,26000,2024-08-02,,,,,,,,,,,,,,,
,159,,rn_20250714090852_busan.csv,26000,2024-08-03,,,,,,,,,,,,,,,
,159,,rn_20250714090852_busan.csv,26000,2024-08-04,,,,,,,,,,,,,,,
,159,,rn_20250714090852_busan.csv,26000,2024-08-05,,,,,,,,,,,,,,,
,159,0.3,rn_20250714090852_busan.csv,26000,2024-08-06,,,,,,,,,,,,,,,
,159,1.2,rn_20250714090852_busan.csv,26000,2024-08-07,,,,,,,,,,,,,,,
,159,9.7,rn_20250714090852_busan.csv,26000,2024-08-08,,,,,,,,,,,,,,,
,159,,rn_20250714090852_busan.csv,26000,2024-08-09,,,,,,,,,,,,,,,
,159,,rn_20250714090852_busan.csv,26000,2024-08-10,,,,,,,,,,,,,,,
,159,,rn_20250714090852_busan.csv,26000,2024-08-11,,,,,,,,,,,,,,,
,159,,rn_20250714090852_busan.csv,26000,2024-08-12,,,,,,,,,,,,,,,
,159,,rn_20250714090852_busan.csv,26000,2024-08-13,,,,,,,,,,,,,,,
,159,,rn_20250714090852_busan.csv,26000,2024-08-14,,,,,,,,,,,,,,,
,159,,rn_20250714090852_busan.csv,26000,2024-08-15,,,,,,,,,,,,,,,
,159,,rn_20250714090852_busan.csv,26000,2024-08-16,,,,,,,,,,,,,,,
,159,,rn_20250714090852_busan.csv,26000,2024-08-17,,,,,,,,,,,,,,,
,159,,rn_20250714090852_busan.csv,26000,2024-08-18,,,,,,,,,,,,,,,
,159,0,rn_20250714090852_busan.csv,26000,2024-08-19,,,,,,,,,,,,,,,
,159,49.5,rn_20250714090852_busan.csv,26000,2024-08-20,,,,,,,,,,,,,,,
,159,13.4,rn_20250714090852_busan.csv,26000,2024-08-21,,,,,,,,,,,,,,,
,159,7.8,rn_20250714090852_busan.csv,26000,2024-08-22,,,,,,,,,,,,,,,
,159,0,rn_20250714090852_busan.csv,26000,2024-08-23,,,,,,,,,,,,,,,
,159,,rn_20250714090852_busan.csv,26000,2024-08-24,,,,,,,,,,,,,,,
,159,,rn_20250714090852_busan.csv,26000,2024-08-25,,,,,,,,,,,,,,,
,159,,rn_20250714090852_busan.csv,26000,2024-08-26,,,,,,,,,,,,,,,
,159,0,rn_20250714090852_busan.csv,26000,2024-08-27,,,,,,,,,,,,,,,
,159,1.1,rn_20250714090852_busan.csv,26000,2024-08-28,,,,,,,,,,,,,,,
,159,3,rn_20250714090852_busan.csv,26000,2024-08-29,,,,,,,,,,,,,,,
,159,0.5,rn_20250714090852_busan.csv,26000,2024-08-30,,,,,,,,,,,,,,,
,159,,rn_20250714090852_busan.csv,26000,2024-08-31,,,,,,,,,,,,,,,
,159,,rn_20250714090852_busan.csv,26000,2024-09-01,,,,,,,,,,,,,,,
,159,0.5,rn_20250714090852_busan.csv,26000,2024-09-02,,,,,,,,,,,,,,,
,159,0,rn_20250714090852_busan.csv,26000,2024-09-03,,,,,,,,,,,,,,,
,159,,rn_20250714090852_busan.csv,26000,2024-09-04,,,,,,,,,,,,,,,
,159,,rn_20250714090852_busan.csv,26000,2024-09-05,,,,,,,,,,,,,,,
,159,,rn_20250714090852_busan.csv,26000,2024-09-06,,,,,,,,,,,,,,,
,159,,rn_20250714090852_busan.csv,26000,2024-09-07,,,,,,,,,,,,,,,
,159,,rn_20250714090852_busan.csv,26000,2024-09-08,,,,,,,,,,,,,,,
,159,,rn_20250714090852_busan.csv,26000,2024-09-09,,,,,,,,,,,,,,,
,159,,rn_20250714090852_busan.csv,26000,2024-09-10,,,,,,,,,,,,,,,
,159,15.1,rn_20250714090852_busan.csv,26000,2024-09-11,,,,,,,,,,,,,,,
,159,,rn_20250714090852_busan.csv,26000,2024-09-12,,,,,,,,,,,,,,,
,159,,rn_20250714090852_busan.csv,26000,2024-09-13,,,,,,,,,,,,,,,
,159,,rn_20250714090852_busan.csv,26000,2024-09-14,,,,,,,,,,,,,,,
,159,0,rn_20250714090852_busan.csv,26000,2024-09-15,,,,,,,,,,,,,,,
,159,0.3,rn_20250714090852_busan.csv,26000,2024-09-16,,,,,,,,,,,,,,,
,159,,rn_20250714090852_busan.csv,26000,2024-09-17,,,,,,,,,,,,,,,
,159,,rn_20250714090852_busan.csv,26000,2024-09-18,,,,,,,,,,,,,,,
,159,,rn_20250714090852_busan.csv,26000,2024-09-19,,,,,,,,,,,,,,,
,159,24.9,rn_20250714090852_busan.csv,26000,2024-09-20,,,,,,,,,,,,,,,
,159,378.5,rn_20250714090852_busan.csv,26000,2024-09-21,,,,,,,,,,,,,,,
,159,0.8,rn_20250714090852_busan.csv,26000,2024-09-22,,,,,,,,,,,,,,,
,159,,rn_20250714090852_busan.csv,26000,2024-09-23,,,,,,,,,,,,,,,
,159,,rn_20250714090852_busan.csv,26000,2024-09-24,,,,,,,,,,,,,,,
,159,0,rn_20250714090852_busan.csv,26000,2024-09-25,,,,,,,,,,,,,,,
,159,,rn_20250714090852_busan.csv,26000,2024-09-26,,,,,,,,,,,,,,,
,159,,rn_20250714090852_busan.csv,26000,2024-09-27,,,,,,,,,,,,,,,
,159,0.2,rn_20250714090852_busan.csv,26000,2024-09-28,,,,,,,,,,,,,,,
,159,0,rn_20250714090852_busan.csv,26000,2024-09-29,,,,,,,,,,,,,,,
,159,,rn_20250714090852_busan.csv,26000,2024-09-30,,,,,,,,,,,,,,,
,159,0,rn_20250714090852_busan.csv,26000,2024-10-01,,,,,,,,,,,,,,,
,159,0,rn_20250714090852_busan.csv,26000,2024-10-02,,,,,,,,,,,,,,,
,159,12.2,rn_20250714090852_busan.csv,26000,2024-10-03,,,,,,,,,,,,,,,
,159,0.3,rn_20250714090852_busan.csv,26000,2024-10-04,,,,,,,,,,,,,,,
,159,0,rn_20250714090852_busan.csv,26000,2024-10-05,,,,,,,,,,,,,,,
,159,4,rn_20250714090852_busan.csv,26000,2024-10-06,,,,,,,,,,,,,,,
,159,5,rn_20250714090852_busan.csv,26000,2024-10-07,,,,,,,,,,,,,,,
,159,0.1,rn_20250714090852_busan.csv,26000,2024-10-08,,,,,,,,,,,,,,,
,159,,rn_20250714090852_busan.csv,26000,2024-10-09,,,,,,,,,,,,,,,
,159,0,rn_20250714090852_busan.csv,26000,2024-10-10,,,,,,,,,,,,,,,
,159,,rn_20250714090852_busan.csv,26000,2024-10-11,,,,,,,,,,,,,,,
,159,,rn_20250714090852_busan.csv,26000,2024-10-12,,,,,,,,,,,,,,,
,159,,rn_20250714090852_busan.csv,26000,2024-10-13,,,,,,,,,,,,,,,
,159,33.2,rn_20250714090852_busan.csv,26000,2024-10-14,,,,,,,,,,,,,,,
,159,18.6,rn_20250714090852_busan.csv,26000,2024-10-15,,,,,,,,,,,,,,,
,159,,rn_20250714090852_busan.csv,26000,2024-10-16,,,,,,,,,,,,,,,
,159,,rn_20250714090852_busan.csv,26000,2024-10-17,,,,,,,,,,,,,,,
,159,22.1,rn_20250714090852_busan.csv,26000,2024-10-18,,,,,,,,,,,,,,,
,159,1.5,rn_20250714090852_busan.csv,26000,2024-10-19,,,,,,,,,,,,,,,
,159,0,rn_20250714090852_busan.csv,26000,2024-10-20,,,,,,,,,,,,,,,
,159,0.4,rn_20250714090852_busan.csv,26000,2024-10-21,,,,,,,,,,,,,,,
,159,105.7,rn_20250714090852_busan.csv,26000,2024-10-22,,,,,,,,,,,,,,,
,159,,rn_20250714090852_busan.csv,26000,2024-10-23,,,,,,,,,,,,,,,
,159,,rn_20250714090852_busan.csv,26000,2024-10-24,,,,,,,,,,,,,,,
,159,,rn_20250714090852_busan.csv,26000,2024-10-25,,,,,,,,,,,,,,,
,159,,rn_20250714090852_busan.csv,26000,2024-10-26,,,,,,,,,,,,,,,
,159,5.4,rn_20250714090852_busan.csv,26000,2024-10-27,,,,,,,,,,,,,,,
,159,0.3,rn_20250714090852_busan.csv,26000,2024-10-28,,,,,,,,,,,,,,,
,159,,rn_20250714090852_busan.csv,26000,2024-10-29,,,,,,,,,,,,,,,
,159,,rn_20250714090852_busan.csv,26000,2024-10-30,,,,,,,,,,,,,,,
,159,,rn_20250714090852_busan.csv,26000,2024-10-31,,,,,,,,,,,,,,,
,159,42.3,rn_20250714090852_busan.csv,26000,2024-11-01,,,,,,,,,,,,,,,
,159,27.2,rn_20250714090852_busan.csv,26000,2024-11-02,,,,,,,,,,,,,,,
,159,,rn_20250714090852_busan.csv,26000,2024-11-03,,,,,,,,,,,,,,,
,159,,rn_20250714090852_busan.csv,26000,2024-11-04,,,,,,,,,,,,,,,
,159,,rn_20250714090852_busan.csv,26000,2024-11-05,,,,,,,,,,,,,,,
,159,,rn_20250714090852_busan.csv,26000,2024-11-06,,,,,,,,,,,,,,,
,159,0,rn_20250714090852_busan.csv,26000,2024-11-07,,,,,,,,,,,,,,,
,159,0,rn_20250714090852_busan.csv,26000,2024-11-08,,,,,,,,,,,,,,,
,159,,rn_20250714090852_busan.csv,26000,2024-11-09,,,,,,,,,,,,,,,
,159,0,rn_20250714090852_busan.csv,26000,2024-11-10,,,,,,,,,,,,,,,
,159,,rn_20250714090852_busan.csv,26000,2024-11-11,,,,,,,,,,,,,,,
,159,,rn_20250714090852_busan.csv,26000,2024-11-12,,,,,,,,,,,,,,,
,159,,rn_20250714090852_busan.csv,26000,2024-11-13,,,,,,,,,,,,,,,
,159,,rn_20250714090852_busan.csv,26000,2024-11-14,,,,,,,,,,,,,,,
,159,0.2,rn_20250714090852_busan.csv,26000,2024-11-15,,,,,,,,,,,,,,,
,159,,rn_20250714090852_busan.csv,26000,2024-11-16,,,,,,,,,,,,,,,
,159,,rn_20250714090852_busan.csv,26000,2024-11-17,,,,,,,,,,,,,,,
,159,,rn_20250714090852_busan.csv,26000,2024-11-18,,,,,,,,,,,,,,,
,159,,rn_20250714090852_busan.csv,26000,2024-11-19,,,,,,,,,,,,,,,
,159,,rn_20250714090852_busan.csv,26000,2024-11-20,,,,,,,,,,,,,,,
,159,,rn_20250714090852_busan.csv,26000,2024-11-21,,,,,,,,,,,,,,,
,159,,rn_20250714090852_busan.csv,26000,2024-11-22,,,,,,,,,,,,,,,
,159,,rn_20250714090852_busan.csv,26000,2024-11-23,,,,,,,,,,,,,,,
,159,,rn_20250714090852_busan.csv,26000,2024-11-24,,,,,,,,,,,,,,,
,159,0.3,rn_20250714090852_busan.csv,26000,2024-11-25,,,,,,,,,,,,,,,
,159,29.1,rn_20250714090852_busan.csv,26000,2024-11-26,,,,,,,,,,,,,,,
,159,0,rn_20250714090852_busan.csv,26000,2024-11-27,,,,,,,,,,,,,,,
,159,,rn_20250714090852_busan.csv,26000,2024-11-28,,,,,,,,,,,,,,,
,159,,rn_20250714090852_busan.csv,26000,2024-11-29,,,,,,,,,,,,,,,
,159,,rn_20250714090852_busan.csv,26000,2024-11-30,,,,,,,,,,,,,,,
,159,0,rn_20250714090852_busan.csv,26000,2024-12-01,,,,,,,,,,,,,,,
,159,,rn_20250714090852_busan.csv,26000,2024-12-02,,,,,,,,,,,,,,,
,159,,rn_20250714090852_busan.csv,26000,2024-12-03,,,,,,,,,,,,,,,
,159,,rn_20250714090852_busan.csv,26000,2024-12-04,,,,,,,,,,,,,,,
,159,,rn_20250714090852_busan.csv,26000,2024-12-05,,,,,,,,,,,,,,,
,159,,rn_20250714090852_busan.csv,26000,2024-12-06,,,,,,,,,,,,,,,
,159,,rn_20250714090852_busan.csv,26000,2024-12-07,,,,,,,,,,,,,,,
,159,,rn_20250714090852_busan.csv,26000,2024-12-08,,,,,,,,,,,,,,,
,159,,rn_20250714090852_busan.csv,26000,2024-12-09,,,,,,,,,,,,,,,
,159,,rn_20250714090852_busan.csv,26000,2024-12-10,,,,,,,,,,,,,,,
,159,,rn_20250714090852_busan.csv,26000,2024-12-11,,,,,,,,,,,,,,,
,159,,rn_20250714090852_busan.csv,26000,2024-12-12,,,,,,,,,,,,,,,
,159,,rn_20250714090852_busan.csv,26000,2024-12-13,,,,,,,,,,,,,,,
,159,,rn_20250714090852_busan.csv,26000,2024-12-14,,,,,,,,,,,,,,,
,159,,rn_20250714090852_busan.csv,26000,2024-12-15,,,,,,,,,,,,,,,
,159,,rn_20250714090852_busan.csv,26000,2024-12-16,,,,,,,,,,,,,,,
,159,,rn_20250714090852_busan.csv,26000,2024-12-17,,,,,,,,,,,,,,,
,159,,rn_20250714090852_busan.csv,26000,2024-12-18,,,,,,,,,,,,,,,
,159,,rn_20250714090852_busan.csv,26000,2024-12-19,,,,,,,,,,,,,,,
,159,,rn_20250714090852_busan.csv,26000,2024-12-20,,,,,,,,,,,,,,,
,159,,rn_20250714090852_busan.csv,26000,2024-12-21,,,,,,,,,,,,,,,
,159,,rn_20250714090852_busan.csv,26000,2024-12-22,,,,,,,,,,,,,,,
,159,,rn_20250714090852_busan.csv,26000,2024-12-23,,,,,,,,,,,,,,,
,159,,rn_20250714090852_busan.csv,26000,2024-12-24,,,,,,,,,,,,,,,
,159,,rn_20250714090852_busan.csv,26000,2024-12-25,,,,,,,,,,,,,,,
,159,,rn_20250714090852_busan.csv,26000,2024-12-26,,,,,,,,,,,,,,,
,159,,rn_20250714090852_busan.csv,26000,2024-12-27,,,,,,,,,,,,,,,
,159,,rn_20250714090852_busan.csv,26000,2024-12-28,,,,,,,,,,,,,,,
,159,,rn_20250714090852_busan.csv,26000,2024-12-29,,,,,,,,,,,,,,,
,159,,rn_20250714090852_busan.csv,26000,2024-12-30,,,,,,,,,,,,,,,
,159,,rn_20250714090852_busan.csv,26000,2024-12-31,,,,,,,,,,,,,,,
[검색조건],,,rn_20250714090900_north_busan.csv,26100,,,,,,,,,,,,,,,,
자료구분 : 일,,,rn_20250714090900_north_busan.csv,26100,,,,,,,,,,,,,,,,
자료형태 : 기본,,,rn_20250714090900_north_busan.csv,26100,,,,,,,,,,,,,,,,
지역/지점 : 북부산,,,rn_20250714090900_north_busan.csv,26100,,,,,,,,,,,,,,,,
기간 : 20240101~20241231,,,rn_20250714090900_north_busan.csv,26100,,,,,,,,,,,,,,,,
,,,rn_20250714090900_north_busan.csv,26100,,,,,,,,,,,,,,,,
날짜,지점,강수량(mm),rn_20250714090900_north_busan.csv,26100,,,,,,,,,,,,,,,,
2024-01-01,296,,rn_20250714090900_north_busan.csv,26100,,,,,,,,,,,,,,,,
2024-01-02,296,0.5,rn_20250714090900_north_busan.csv,26100,,,,,,,,,,,,,,,,
2024-01-03,296,,rn_20250714090900_north_busan.csv,26100,,,,,,,,,,,,,,,,
2024-01-04,296,,rn_20250714090900_north_busan.csv,26100,,,,,,,,,,,,,,,,
2024-01-05,296,,rn_20250714090900_north_busan.csv,26100,,,,,,,,,,,,,,,,
2024-01-06,296,,rn_20250714090900_north_busan.csv,26100,,,,,,,,,,,,,,,,
2024-01-07,296,,rn_20250714090900_north_busan.csv,26100,,,,,,,,,,,,,,,,
2024-01-08,296,,rn_20250714090900_north_busan.csv,26100,,,,,,,,,,,,,,,,
2024-01-09,296,4,rn_20250714090900_north_busan.csv,26100,,,,,,,,,,,,,,,,
2024-01-10,296,0.5,rn_20250714090900_north_busan.csv,26100,,,,,,,,,,,,,,,,
2024-01-11,296,,rn_20250714090900_north_busan.csv,26100,,,,,,,,,,,,,,,,
2024-01-12,296,,rn_20250714090900_north_busan.csv,26100,,,,,,,,,,,,,,,,
2024-01-13,296,,rn_20250714090900_north_busan.csv,26100,,,,,,,,,,,,,,,,
2024-01-14,296,,rn_20250714090900_north_busan.csv,26100,,,,,,,,,,,,,,,,
2024-01-15,296,,rn_20250714090900_north_busan.csv,26100,,,,,,,,,,,,,,,,
2024-01-16,296,,rn_20250714090900_north_busan.csv,26100,,,,,,,,,,,,,,,,
2024-01-17,296,0,rn_20250714090900_north_busan.csv,26100,,,,,,,,,,,,,,,,
2024-01-18,296,11.5,rn_20250714090900_north_busan.csv,26100,,,,,,,,,,,,,,,,
2024-01-19,296,0,rn_20250714090900_north_busan.csv,26100,,,,,,,,,,,,,,,,
2024-01-20,296,12,rn_20250714090900_north_busan.csv,26100,,,,,,,,,,,,,,,,
2024-01-21,296,0,rn_20250714090900_north_busan.csv,26100,,,,,,,,,,,,,,,,
2024-01-22,296,,rn_20250714090900_north_busan.csv,26100,,,,,,,,,,,,,,,,
2024-01-23,296,,rn_20250714090900_north_busan.csv,26100,,,,,,,,,,,,,,,,
2024-01-24,296,,rn_20250714090900_north_busan.csv,26100,,,,,,,,,,,,,,,,
2024-01-25,296,,rn_20250714090900_north_busan.csv,26100,,,,,,,,,,,,,,,,
2024-01-26,296,,rn_20250714090900_north_busan.csv,26100,,,,,,,,,,,,,,,,
2024-01-27,296,,rn_20250714090900_north_busan.csv,26100,,,,,,,,,,,,,,,,
2024-01-28,296,,rn_20250714090900_north_busan.csv,26100,,,,,,,,,,,,,,,,
2024-01-29,296,,rn_20250714090900_north_busan.csv,26100,,,,,,,,,,,,,,,,
2024-01-30,296,,rn_20250714090900_north_busan.csv,26100,,,,,,,,,,,,,,,,
2024-01-31,296,0.5,rn_20250714090900_north_busan.csv,26100,,,,,,,,,,,,,,,,
2024-02-01,296,0.5,rn_20250714090900_north_busan.csv,26100,,,,,,,,,,,,,,,,
2024-02-02,296,,rn_20250714090900_north_busan.csv,26100,,,,,,,,,,,,,,,,
2024-02-03,296,2.5,rn_20250714090900_north_busan.csv,26100,,,,,,,,,,,,,,,,
2024-02-04,296,2.5,rn_20250714090900_north_busan.csv,26100,,,,,,,,,,,,,,,,
2024-02-05,296,7,rn_20250714090900_north_busan.csv,26100,,,,,,,,,,,,,,,,
2024-02-06,296,,rn_20250714090900_north_busan.csv,26100,,,,,,,,,,,,,,,,
2024-02-07,296,,rn_20250714090900_north_busan.csv,26100,,,,,,,,,,,,,,,,
2024-02-08,296,,rn_20250714090900_north_busan.csv,26100,,,,,,,,,,,,,,,,
2024-02-09,296,,rn_20250714090900_north_busan.csv,26100,,,,,,,,,,,,,,,,
2024-02-10,296,,rn_20250714090900_north_busan.csv,26100,,,,,,,,,,,,,,,,
2024-02-11,296,,rn_20250714090900_north_busan.csv,26100,,,,,,,,,,,,,,,,
2024-02-12,296,,rn_20250714090900_north_busan.csv,26100,,,,,,,,,,,,,,,,
2024-02-13,296,,rn_20250714090900_north_busan.csv,26100,,,,,,,,,,,,,,,,
2024-02-14,296,2.5,rn_20250714090900_north_busan.csv,26100,,,,,,,,,,,,,,,,
2024-02-15,296,,rn_20250714090900_north_busan.csv,26100,,,,,,,,,,,,,,,,
2024-02-16,296,,rn_20250714090900_north_busan.csv,26100,,,,,,,,,,,,,,,,
2024-02-17,296,,rn_20250714090900_north_busan.csv,26100,,,,,,,,,,,,,,,,
2024-02-18,296,0,rn_20250714090900_north_busan.csv,26100,,,,,,,,,,,,,,,,
2024-02-19,296,58.5,rn_20250714090900_north_busan.csv,26100,,,,,,,,,,,,,,,,
2024-02-20,296,1.5,rn_20250714090900_north_busan.csv,26100,,,,,,,,,,,,,,,,
2024-02-21,296,2.5,rn_20250714090900_north_busan.csv,26100,,,,,,,,,,,,,,,,
2024-02-22,296,1,rn_20250714090900_north_busan.csv,26100,,,,,,,,,,,,,,,,
2024-02-23,296,,rn_20250714090900_north_busan.csv,26100,,,,,,,,,,,,,,,,
2024-02-24,296,0,rn_20250714090900_north_busan.csv,26100,,,,,,,,,,,,,,,,
2024-02-25,296,4,rn_20250714090900_north_busan.csv,26100,,,,,,,,,,,,,,,,
2024-02-26,296,,rn_20250714090900_north_busan.csv,26100,,,,,,,,,,,,,,,,
2024-02-27,296,,rn_20250714090900_north_busan.csv,26100,,,,,,,,,,,,,,,,
2024-02-28,296,,rn_20250714090900_north_busan.csv,26100,,,,,,,,,,,,,,,,
2024-02-29,296,8.5,rn_20250714090900_north_busan.csv,26100,,,,,,,,,,,,,,,,
2024-03-01,296,,rn_20250714090900_north_busan.csv,26100,,,,,,,,,,,,,,,,
2024-03-02,296,,rn_20250714090900_north_busan.csv,26100,,,,,,,,,,,,,,,,
2024-03-03,296,,rn_20250714090900_north_busan.csv,26100,,,,,,,,,,,,,,,,
2024-03-04,296,,rn_20250714090900_north_busan.csv,26100,,,,,,,,,,,,,,,,
2024-03-05,296,7,rn_20250714090900_north_busan.csv,26100,,,,,,,,,,,,,,,,
2024-03-06,296,,rn_20250714090900_north_busan.csv,26100,,,,,,,,,,,,,,,,
2024-03-07,296,0,rn_20250714090900_north_busan.csv,26100,,,,,,,,,,,,,,,,
2024-03-08,296,,rn_20250714090900_north_busan.csv,26100,,,,,,,,,,,,,,,,
2024-03-09,296,,rn_20250714090900_north_busan.csv,26100,,,,,,,,,,,,,,,,
2024-03-10,296,,rn_20250714090900_north_busan.csv,26100,,,,,,,,,,,,,,,,
2024-03-11,296,0.5,rn_20250714090900_north_busan.csv,26100,,,,,,,,,,,,,,,,
2024-03-12,296,1,rn_20250714090900_north_busan.csv,26100,,,,,,,,,,,,,,,,
2024-03-13,296,,rn_20250714090900_north_busan.csv,26100,,,,,,,,,,,,,,,,
2024-03-14,296,,rn_20250714090900_north_busan.csv,26100,,,,,,,,,,,,,,,,
2024-03-15,296,,rn_20250714090900_north_busan.csv,26100,,,,,,,,,,,,,,,,
2024-03-16,296,,rn_20250714090900_north_busan.csv,26100,,,,,,,,,,,,,,,,
2024-03-17,296,0,rn_20250714090900_north_busan.csv,26100,,,,,,,,,,,,,,,,
2024-03-18,296,,rn_20250714090900_north_busan.csv,26100,,,,,,,,,,,,,,,,
2024-03-19,296,,rn_20250714090900_north_busan.csv,26100,,,,,,,,,,,,,,,,
2024-03-20,296,,rn_20250714090900_north_busan.csv,26100,,,,,,,,,,,,,,,,
2024-03-21,296,,rn_20250714090900_north_busan.csv,26100,,,,,,,,,,,,,,,,
2024-03-22,296,5.5,rn_20250714090900_north_busan.csv,26100,,,,,,,,,,,,,,,,
2024-03-23,296,2,rn_20250714090900_north_busan.csv,26100,,,,,,,,,,,,,,,,
2024-03-24,296,2.5,rn_20250714090900_north_busan.csv,26100,,,,,,,,,,,,,,,,
2024-03-25,296,7.5,rn_20250714090900_north_busan.csv,26100,,,,,,,,,,,,,,,,
2024-03-26,296,11,rn_20250714090900_north_busan.csv,26100,,,,,,,,,,,,,,,,
2024-03-27,296,,rn_20250714090900_north_busan.csv,26100,,,,,,,,,,,,,,,,
2024-03-28,296,53,rn_20250714090900_north_busan.csv,26100,,,,,,,,,,,,,,,,
2024-03-29,296,,rn_20250714090900_north_busan.csv,26100,,,,,,,,,,,,,,,,
2024-03-30,296,,rn_20250714090900_north_busan.csv,26100,,,,,,,,,,,,,,,,
2024-03-31,296,,rn_20250714090900_north_busan.csv,26100,,,,,,,,,,,,,,,,
2024-04-01,296,,rn_20250714090900_north_busan.csv,26100,,,,,,,,,,,,,,,,
2024-04-02,296,4.5,rn_20250714090900_north_busan.csv,26100,,,,,,,,,,,,,,,,
2024-04-03,296,54.5,rn_20250714090900_north_busan.csv,26100,,,,,,,,,,,,,,,,
2024-04-04,296,,rn_20250714090900_north_busan.csv,26100,,,,,,,,,,,,,,,,
2024-04-05,296,,rn_20250714090900_north_busan.csv,26100,,,,,,,,,,,,,,,,
2024-04-06,296,,rn_20250714090900_north_busan.csv,26100,,,,,,,,,,,,,,,,
2024-04-07,296,,rn_20250714090900_north_busan.csv,26100,,,,,,,,,,,,,,,,
2024-04-08,296,,rn_20250714090900_north_busan.csv,26100,,,,,,,,,,,,,,,,
2024-04-09,296,,rn_20250714090900_north_busan.csv,26100,,,,,,,,,,,,,,,,
2024-04-10,296,,rn_20250714090900_north_busan.csv,26100,,,,,,,,,,,,,,,,
2024-04-11,296,,rn_20250714090900_north_busan.csv,26100,,,,,,,,,,,,,,,,
2024-04-12,296,,rn_20250714090900_north_busan.csv,26100,,,,,,,,,,,,,,,,
2024-04-13,296,,rn_20250714090900_north_busan.csv,26100,,,,,,,,,,,,,,,,
2024-04-14,296,,rn_20250714090900_north_busan.csv,26100,,,,,,,,,,,,,,,,
2024-04-15,296,23,rn_20250714090900_north_busan.csv,26100,,,,,,,,,,,,,,,,
2024-04-16,296,,rn_20250714090900_north_busan.csv,26100,,,,,,,,,,,,,,,,
2024-04-17,296,,rn_20250714090900_north_busan.csv,26100,,,,,,,,,,,,,,,,
2024-04-18,296,,rn_20250714090900_north_busan.csv,26100,,,,,,,,,,,,,,,,
2024-04-19,296,,rn_20250714090900_north_busan.csv,26100,,,,,,,,,,,,,,,,
2024-04-20,296,2,rn_20250714090900_north_busan.csv,26100,,,,,,,,,,,,,,,,
2024-04-21,296,,rn_20250714090900_north_busan.csv,26100,,,,,,,,,,,,,,,,
2024-04-22,296,,rn_20250714090900_north_busan.csv,26100,,,,,,,,,,,,,,,,
2024-04-23,296,8.5,rn_20250714090900_north_busan.csv,26100,,,,,,,,,,,,,,,,
2024-04-24,296,,rn_20250714090900_north_busan.csv,26100,,,,,,,,,,,,,,,,
2024-04-25,296,,rn_20250714090900_north_busan.csv,26100,,,,,,,,,,,,,,,,
2024-04-26,296,,rn_20250714090900_north_busan.csv,26100,,,,,,,,,,,,,,,,
2024-04-27,296,,rn_20250714090900_north_busan.csv,26100,,,,,,,,,,,,,,,,
2024-04-28,296,,rn_20250714090900_north_busan.csv,26100,,,,,,,,,,,,,,,,
2024-04-29,296,37,rn_20250714090900_north_busan.csv,26100,,,,,,,,,,,,,,,,
2024-04-30,296,,rn_20250714090900_north_busan.csv,26100,,,,,,,,,,,,,,,,
2024-05-01,296,,rn_20250714090900_north_busan.csv,26100,,,,,,,,,,,,,,,,
2024-05-02,296,,rn_20250714090900_north_busan.csv,26100,,,,,,,,,,,,,,,,
2024-05-03,296,,rn_20250714090900_north_busan.csv,26100,,,,,,,,,,,,,,,,
2024-05-04,296,,rn_20250714090900_north_busan.csv,26100,,,,,,,,,,,,,,,,
2024-05-05,296,46.5,rn_20250714090900_north_busan.csv,26100,,,,,,,,,,,,,,,,
2024-05-06,296,40.5,rn_20250714090900_north_busan.csv,26100,,,,,,,,,,,,,,,,
2024-05-07,296,8,rn_20250714090900_north_busan.csv,26100,,,,,,,,,,,,,,,,
2024-05-08,296,0,rn_20250714090900_north_busan.csv,26100,,,,,,,,,,,,,,,,
2024-05-09,296,,rn_20250714090900_north_busan.csv,26100,,,,,,,,,,,,,,,,
2024-05-10,296,,rn_20250714090900_north_busan.csv,26100,,,,,,,,,,,,,,,,
2024-05-11,296,3.5,rn_20250714090900_north_busan.csv,26100,,,,,,,,,,,,,,,,
2024-05-12,296,10,rn_20250714090900_north_busan.csv,26100,,,,,,,,,,,,,,,,
2024-05-13,296,,rn_20250714090900_north_busan.csv,26100,,,,,,,,,,,,,,,,
2024-05-14,296,,rn_20250714090900_north_busan.csv,26100,,,,,,,,,,,,,,,,
2024-05-15,296,0.5,rn_20250714090900_north_busan.csv,26100,,,,,,,,,,,,,,,,
2024-05-16,296,0.5,rn_20250714090900_north_busan.csv,26100,,,,,,,,,,,,,,,,
2024-05-17,296,,rn_20250714090900_north_busan.csv,26100,,,,,,,,,,,,,,,,
2024-05-18,296,,rn_20250714090900_north_busan.csv,26100,,,,,,,,,,,,,,,,
2024-05-19,296,,rn_20250714090900_north_busan.csv,26100,,,,,,,,,,,,,,,,
2024-05-20,296,,rn_20250714090900_north_busan.csv,26100,,,,,,,,,,,,,,,,
2024-05-21,296,,rn_20250714090900_north_busan.csv,26100,,,,,,,,,,,,,,,,
2024-05-22,296,,rn_20250714090900_north_busan.csv,26100,,,,,,,,,,,,,,,,
2024-05-23,296,,rn_20250714090900_north_busan.csv,26100,,,,,,,,,,,,,,,,
2024-05-24,296,,rn_20250714090900_north_busan.csv,26100,,,,,,,,,,,,,,,,
2024-05-25,296,,rn_20250714090900_north_busan.csv,26100,,,,,,,,,,,,,,,,
2024-05-26,296,10,rn_20250714090900_north_busan.csv,26100,,,,,,,,,,,,,,,,
2024-05-27,296,1,rn_20250714090900_north_busan.csv,26100,,,,,,,,,,,,,,,,
2024-05-28,296,,rn_20250714090900_north_busan.csv,26100,,,,,,,,,,,,,,,,
2024-05-29,296,,rn_20250714090900_north_busan.csv,26100,,,,,,,,,,,,,,,,
2024-05-30,296,0,rn_20250714090900_north_busan.csv,26100,,,,,,,,,,,,,,,,
2024-05-31,296,0.5,rn_20250714090900_north_busan.csv,26100,,,,,,,,,,,,,,,,
2024-06-01,296,,rn_20250714090900_north_busan.csv,26100,,,,,,,,,,,,,,,,
2024-06-02,296,,rn_20250714090900_north_busan.csv,26100,,,,,,,,,,,,,,,,
2024-06-03,296,,rn_20250714090900_north_busan.csv,26100,,,,,,,,,,,,,,,,
2024-06-04,296,,rn_20250714090900_north_busan.csv,26100,,,,,,,,,,,,,,,,
2024-06-05,296,,rn_20250714090900_north_busan.csv,26100,,,,,,,,,,,,,,,,
2024-06-06,296,,rn_20250714090900_north_busan.csv,26100,,,,,,,,,,,,,,,,
2024-06-07,296,,rn_20250714090900_north_busan.csv,26100,,,,,,,,,,,,,,,,
2024-06-08,296,14.5,rn_20250714090900_north_busan.csv,26100,,,,,,,,,,,,,,,,
2024-06-09,296,0.5,rn_20250714090900_north_busan.csv,26100,,,,,,,,,,,,,,,,
2024-06-10,296,,rn_20250714090900_north_busan.csv,26100,,,,,,,,,,,,,,,,
2024-06-11,296,,rn_20250714090900_north_busan.csv,26100,,,,,,,,,,,,,,,,
2024-06-12,296,,rn_20250714090900_north_busan.csv,26100,,,,,,,,,,,,,,,,
2024-06-13,296,,rn_20250714090900_north_busan.csv,26100,,,,,,,,,,,,,,,,
2024-06-14,296,,rn_20250714090900_north_busan.csv,26100,,,,,,,,,,,,,,,,
2024-06-15,296,23.5,rn_20250714090900_north_busan.csv,26100,,,,,,,,,,,,,,,,
2024-06-16,296,,rn_20250714090900_north_busan.csv,26100,,,,,,,,,,,,,,,,
2024-06-17,296,,rn_20250714090900_north_busan.csv,26100,,,,,,,,,,,,,,,,
2024-06-18,296,,rn_20250714090900_north_busan.csv,26100,,,,,,,,,,,,,,,,
2024-06-19,296,,rn_20250714090900_north_busan.csv,26100,,,,,,,,,,,,,,,,
2024-06-20,296,0,rn_20250714090900_north_busan.csv,26100,,,,,,,,,,,,,,,,
2024-06-21,296,,rn_20250714090900_north_busan.csv,26100,,,,,,,,,,,,,,,,
2024-06-22,296,31,rn_20250714090900_north_busan.csv,26100,,,,,,,,,,,,,,,,
2024-06-23,296,,rn_20250714090900_north_busan.csv,26100,,,,,,,,,,,,,,,,
2024-06-24,296,,rn_20250714090900_north_busan.csv,26100,,,,,,,,,,,,,,,,
2024-06-25,296,,rn_20250714090900_north_busan.csv,26100,,,,,,,,,,,,,,,,
2024-06-26,296,,rn_20250714090900_north_busan.csv,26100,,,,,,,,,,,,,,,,
2024-06-27,296,0.5,rn_20250714090900_north_busan.csv,26100,,,,,,,,,,,,,,,,
2024-06-28,296,0,rn_20250714090900_north_busan.csv,26100,,,,,,,,,,,,,,,,
2024-06-29,296,55.5,rn_20250714090900_north_busan.csv,26100,,,,,,,,,,,,,,,,
2024-06-30,296,51.5,rn_20250714090900_north_busan.csv,26100,,,,,,,,,,,,,,,,
2024-07-01,296,,rn_20250714090900_north_busan.csv,26100,,,,,,,,,,,,,,,,
2024-07-02,296,47,rn_20250714090900_north_busan.csv,26100,,,,,,,,,,,,,,,,
2024-07-03,296,0.5,rn_20250714090900_north_busan.csv,26100,,,,,,,,,,,,,,,,
2024-07-04,296,,rn_20250714090900_north_busan.csv,26100,,,,,,,,,,,,,,,,
2024-07-05,296,1.5,rn_20250714090900_north_busan.csv,26100,,,,,,,,,,,,,,,,
2024-07-06,296,,rn_20250714090900_north_busan.csv,26100,,,,,,,,,,,,,,,,
2024-07-07,296,,rn_20250714090900_north_busan.csv,26100,,,,,,,,,,,,,,,,
2024-07-08,296,0,rn_20250714090900_north_busan.csv,26100,,,,,,,,,,,,,,,,
2024-07-09,296,3,rn_20250714090900_north_busan.csv,26100,,,,,,,,,,,,,,,,
2024-07-10,296,29.5,rn_20250714090900_north_busan.csv,26100,,,,,,,,,,,,,,,,
2024-07-11,296,0,rn_20250714090900_north_busan.csv,26100,,,,,,,,,,,,,,,,
2024-07-12,296,,rn_20250714090900_north_busan.csv,26100,,,,,,,,,,,,,,,,
2024-07-13,296,0,rn_20250714090900_north_busan.csv,26100,,,,,,,,,,,,,,,,
2024-07-14,296,40,rn_20250714090900_north_busan.csv,26100,,,,,,,,,,,,,,,,
2024-07-15,296,0.5,rn_20250714090900_north_busan.csv,26100,,,,,,,,,,,,,,,,
2024-07-16,296,28.5,rn_20250714090900_north_busan.csv,26100,,,,,,,,,,,,,,,,
2024-07-17,296,,rn_20250714090900_north_busan.csv,26100,,,,,,,,,,,,,,,,
2024-07-18,296,1,rn_20250714090900_north_busan.csv,26100,,,,,,,,,,,,,,,,
2024-07-19,296,14,rn_20250714090900_north_busan.csv,26100,,,,,,,,,,,,,,,,
2024-07-20,296,0.5,rn_20250714090900_north_busan.csv,26100,,,,,,,,,,,,,,,,
2024-07-21,296,1,rn_20250714090900_north_busan.csv,26100,,,,,,,,,,,,,,,,
2024-07-22,296,,rn_20250714090900_north_busan.csv,26100,,,,,,,,,,,,,,,,
2024-07-23,296,1.5,rn_20250714090900_north_busan.csv,26100,,,,,,,,,,,,,,,,
2024-07-24,296,47,rn_20250714090900_north_busan.csv,26100,,,,,,,,,,,,,,,,
2024-07-25,296,1.5,rn_20250714090900_north_busan.csv,26100,,,,,,,,,,,,,,,,
2024-07-26,296,0,rn_20250714090900_north_busan.csv,26100,,,,,,,,,,,,,,,,
2024-07-27,296,0,rn_20250714090900_north_busan.csv,26100,,,,,,,,,,,,,,,,
2024-07-28,296,0,rn_20250714090900_north_busan.csv,26100,,,,,,,,,,,,,,,,
2024-07-29,296,,rn_20250714090900_north_busan.csv,26100,,,,,,,,,,,,,,,,
2024-07-30,296,,rn_20250714090900_north_busan.csv,26100,,,,,,,,,,,,,,,,
2024-07-31,296,,rn_20250714090900_north_busan.csv,26100,,,,,,,,,,,,,,,,
2024-08-01,296,,rn_20250714090900_north_busan.csv,26100,,,,,,,,,,,,,,,,
2024-08-02,296,,rn_20250714090900_north_busan.csv,26100,,,,,,,,,,,,,,,,
2024-08-03,296,2,rn_20250714090900_north_busan.csv,26100,,,,,,,,,,,,,,,,
2024-08-04,296,0,rn_20250714090900_north_busan.csv,26100,,,,,,,,,,,,,,,,
2024-08-05,296,,rn_20250714090900_north_busan.csv,26100,,,,,,,,,,,,,,,,
2024-08-06,296,4.5,rn_20250714090900_north_busan.csv,26100,,,,,,,,,,,,,,,,
2024-08-07,296,0,rn_20250714090900_north_busan.csv,26100,,,,,,,,,,,,,,,,
2024-08-08,296,8.5,rn_20250714090900_north_busan.csv,26100,,,,,,,,,,,,,,,,
2024-08-09,296,,rn_20250714090900_north_busan.csv,26100,,,,,,,,,,,,,,,,
2024-08-10,296,,rn_20250714090900_north_busan.csv,26100,,,,,,,,,,,,,,,,
2024-08-11,296,,rn_20250714090900_north_busan.csv,26100,,,,,,,,,,,,,,,,
2024-08-12,296,,rn_20250714090900_north_busan.csv,26100,,,,,,,,,,,,,,,,
2024-08-13,296,,rn_20250714090900_north_busan.csv,26100,,,,,,,,,,,,,,,,
2024-08-14,296,,rn_20250714090900_north_busan.csv,26100,,,,,,,,,,,,,,,,
2024-08-15,296,,rn_20250714090900_north_busan.csv,26100,,,,,,,,,,,,,,,,
2024-08-16,296,,rn_20250714090900_north_busan.csv,26100,,,,,,,,,,,,,,,,
2024-08-17,296,,rn_20250714090900_north_busan.csv,26100,,,,,,,,,,,,,,,,
2024-08-18,296,,rn_20250714090900_north_busan.csv,26100,,,,,,,,,,,,,,,,
2024-08-19,296,0,rn_20250714090900_north_busan.csv,26100,,,,,,,,,,,,,,,,
2024-08-20,296,38,rn_20250714090900_north_busan.csv,26100,,,,,,,,,,,,,,,,
2024-08-21,296,10.5,rn_20250714090900_north_busan.csv,26100,,,,,,,,,,,,,,,,
2024-08-22,296,0,rn_20250714090900_north_busan.csv,26100,,,,,,,,,,,,,,,,
2024-08-23,296,0,rn_20250714090900_north_busan.csv,26100,,,,,,,,,,,,,,,,
2024-08-24,296,,rn_20250714090900_north_busan.csv,26100,,,,,,,,,,,,,,,,
2024-08-25,296,,rn_20250714090900_north_busan.csv,26100,,,,,,,,,,,,,,,,
2024-08-26,296,5,rn_20250714090900_north_busan.csv,26100,,,,,,,,,,,,,,,,
2024-08-27,296,0,rn_20250714090900_north_busan.csv,26100,,,,,,,,,,,,,,,,
2024-08-28,296,2,rn_20250714090900_north_busan.csv,26100,,,,,,,,,,,,,,,,
2024-08-29,296,3,rn_20250714090900_north_busan.csv,26100,,,,,,,,,,,,,,,,
2024-08-30,296,0,rn_20250714090900_north_busan.csv,26100,,,,,,,,,,,,,,,,
2024-08-31,296,,rn_20250714090900_north_busan.csv,26100,,,,,,,,,,,,,,,,
2024-09-01,296,,rn_20250714090900_north_busan.csv,26100,,,,,,,,,,,,,,,,
2024-09-02,296,0,rn_20250714090900_north_busan.csv,26100,,,,,,,,,,,,,,,,
2024-09-03,296,1,rn_20250714090900_north_busan.csv,26100,,,,,,,,,,,,,,,,
2024-09-04,296,,rn_20250714090900_north_busan.csv,26100,,,,,,,,,,,,,,,,
2024-09-05,296,,rn_20250714090900_north_busan.csv,26100,,,,,,,,,,,,,,,,
2024-09-06,296,0,rn_20250714090900_north_busan.csv,26100,,,,,,,,,,,,,,,,
2024-09-07,296,,rn_20250714090900_north_busan.csv,26100,,,,,,,,,,,,,,,,
2024-09-08,296,0,rn_20250714090900_north_busan.csv,26100,,,,,,,,,,,,,,,,
2024-09-09,296,,rn_20250714090900_north_busan.csv,26100,,,,,,,,,,,,,,,,
2024-09-10,296,,rn_20250714090900_north_busan.csv,26100,,,,,,,,,,,,,,,,
2024-09-11,296,5,rn_20250714090900_north_busan.csv,26100,,,,,,,,,,,,,,,,
2024-09-12,296,1.5,rn_20250714090900_north_busan.csv,26100,,,,,,,,,,,,,,,,
2024-09-13,296,,rn_20250714090900_north_busan.csv,26100,,,,,,,,,,,,,,,,
2024-09-14,296,,rn_20250714090900_north_busan.csv,26100,,,,,,,,,,,,,,,,
2024-09-15,296,0,rn_20250714090900_north_busan.csv,26100,,,,,,,,,,,,,,,,
2024-09-16,296,0,rn_20250714090900_north_busan.csv,26100,,,,,,,,,,,,,,,,
2024-09-17,296,,rn_20250714090900_north_busan.csv,26100,,,,,,,,,,,,,,,,
2024-09-18,296,,rn_20250714090900_north_busan.csv,26100,,,,,,,,,,,,,,,,
2024-09-19,296,,rn_20250714090900_north_busan.csv,26100,,,,,,,,,,,,,,,,
2024-09-20,296,33,rn_20250714090900_north_busan.csv,26100,,,,,,,,,,,,,,,,
2024-09-21,296,369,rn_20250714090900_north_busan.csv,26100,,,,,,,,,,,,,,,,
2024-09-22,296,1,rn_20250714090900_north_busan.csv,26100,,,,,,,,,,,,,,,,
2024-09-23,296,,rn_20250714090900_north_busan.csv,26100,,,,,,,,,,,,,,,,
2024-09-24,296,,rn_20250714090900_north_busan.csv,26100,,,,,,,,,,,,,,,,
2024-09-25,296,,rn_20250714090900_north_busan.csv,26100,,,,,,,,,,,,,,,,
2024-09-26,296,,rn_20250714090900_north_busan.csv,26100,,,,,,,,,,,,,,,,
2024-09-27,296,,rn_20250714090900_north_busan.csv,26100,,,,,,,,,,,,,,,,
2024-09-28,296,8,rn_20250714090900_north_busan.csv,26100,,,,,,,,,,,,,,,,
2024-09-29,296,,rn_20250714090900_north_busan.csv,26100,,,,,,,,,,,,,,,,
2024-09-30,296,,rn_20250714090900_north_busan.csv,26100,,,,,,,,,,,,,,,,
2024-10-01,296,0,rn_20250714090900_north_busan.csv,26100,,,,,,,,,,,,,,,,
2024-10-02,296,0,rn_20250714090900_north_busan.csv,26100,,,,,,,,,,,,,,,,
2024-10-03,296,7.5,rn_20250714090900_north_busan.csv,26100,,,,,,,,,,,,,,,,
2024-10-04,296,0.5,rn_20250714090900_north_busan.csv,26100,,,,,,,,,,,,,,,,
2024-10-05,296,,rn_20250714090900_north_busan.csv,26100,,,,,,,,,,,,,,,,
2024-10-06,296,4,rn_20250714090900_north_busan.csv,26100,,,,,,,,,,,,,,,,
2024-10-07,296,4.5,rn_20250714090900_north_busan.csv,26100,,,,,,,,,,,,,,,,
2024-10-08,296,0,rn_20250714090900_north_busan.csv,26100,,,,,,,,,,,,,,,,
2024-10-09,296,,rn_20250714090900_north_busan.csv,26100,,,,,,,,,,,,,,,,
2024-10-10,296,0,rn_20250714090900_north_busan.csv,26100,,,,,,,,,,,,,,,,
2024-10-11,296,1,rn_20250714090900_north_busan.csv,26100,,,,,,,,,,,,,,,,
2024-10-12,296,,rn_20250714090900_north_busan.csv,26100,,,,,,,,,,,,,,,,
2024-10-13,296,,rn_20250714090900_north_busan.csv,26100,,,,,,,,,,,,,,,,
2024-10-14,296,29.5,rn_20250714090900_north_busan.csv,26100,,,,,,,,,,,,,,,,
2024-10-15,296,8.5,rn_20250714090900_north_busan.csv,26100,,,,,,,,,,,,,,,,
2024-10-16,296,,rn_20250714090900_north_busan.csv,26100,,,,,,,,,,,,,,,,
2024-10-17,296,,rn_20250714090900_north_busan.csv,26100,,,,,,,,,,,,,,,,
2024-10-18,296,48.5,rn_20250714090900_north_busan.csv,26100,,,,,,,,,,,,,,,,
2024-10-19,296,1.5,rn_20250714090900_north_busan.csv,26100,,,,,,,,,,,,,,,,
2024-10-20,296,,rn_20250714090900_north_busan.csv,26100,,,,,,,,,,,,,,,,
2024-10-21,296,0.5,rn_20250714090900_north_busan.csv,26100,,,,,,,,,,,,,,,,
2024-10-22,296,75.5,rn_20250714090900_north_busan.csv,26100,,,,,,,,,,,,,,,,
2024-10-23,296,,rn_20250714090900_north_busan.csv,26100,,,,,,,,,,,,,,,,
2024-10-24,296,,rn_20250714090900_north_busan.csv,26100,,,,,,,,,,,,,,,,
2024-10-25,296,,rn_20250714090900_north_busan.csv,26100,,,,,,,,,,,,,,,,
2024-10-26,296,,rn_20250714090900_north_busan.csv,26100,,,,,,,,,,,,,,,,
2024-10-27,296,3.5,rn_20250714090900_north_busan.csv,26100,,,,,,,,,,,,,,,,
2024-10-28,296,0,rn_20250714090900_north_busan.csv,26100,,,,,,,,,,,,,,,,
2024-10-29,296,,rn_20250714090900_north_busan.csv,26100,,,,,,,,,,,,,,,,
2024-10-30,296,,rn_20250714090900_north_busan.csv,26100,,,,,,,,,,,,,,,,
2024-10-31,296,,rn_20250714090900_north_busan.csv,26100,,,,,,,,,,,,,,,,
2024-11-01,296,38.5,rn_20250714090900_north_busan.csv,26100,,,,,,,,,,,,,,,,
2024-11-02,296,20.5,rn_20250714090900_north_busan.csv,26100,,,,,,,,,,,,,,,,
2024-11-03,296,,rn_20250714090900_north_busan.csv,26100,,,,,,,,,,,,,,,,
2024-11-04,296,,rn_20250714090900_north_busan.csv,26100,,,,,,,,,,,,,,,,
2024-11-05,296,,rn_20250714090900_north_busan.csv,26100,,,,,,,,,,,,,,,,
2024-11-06,296,,rn_20250714090900_north_busan.csv,26100,,,,,,,,,,,,,,,,
2024-11-07,296,,rn_20250714090900_north_busan.csv,26100,,,,,,,,,,,,,,,,
2024-11-08,296,,rn_20250714090900_north_busan.csv,26100,,,,,,,,,,,,,,,,
2024-11-09,296,,rn_20250714090900_north_busan.csv,26100,,,,,,,,,,,,,,,,
2024-11-10,296,,rn_20250714090900_north_busan.csv,26100,,,,,,,,,,,,,,,,
2024-11-11,296,,rn_20250714090900_north_busan.csv,26100,,,,,,,,,,,,,,,,
2024-11-12,296,,rn_20250714090900_north_busan.csv,26100,,,,,,,,,,,,,,,,
2024-11-13,296,,rn_20250714090900_north_busan.csv,26100,,,,,,,,,,,,,,,,
2024-11-14,296,,rn_20250714090900_north_busan.csv,26100,,,,,,,,,,,,,,,,
2024-11-15,296,0,rn_20250714090900_north_busan.csv,26100,,,,,,,,,,,,,,,,
2024-11-16,296,,rn_20250714090900_north_busan.csv,26100,,,,,,,,,,,,,,,,
2024-11-17,296,,rn_20250714090900_north_busan.csv,26100,,,,,,,,,,,,,,,,
2024-11-18,296,,rn_20250714090900_north_busan.csv,26100,,,,,,,,,,,,,,,,
2024-11-19,296,,rn_20250714090900_north_busan.csv,26100,,,,,,,,,,,,,,,,
2024-11-20,296,,rn_20250714090900_north_busan.csv,26100,,,,,,,,,,,,,,,,
2024-11-21,296,,rn_20250714090900_north_busan.csv,26100,,,,,,,,,,,,,,,,
2024-11-22,296,,rn_20250714090900_north_busan.csv,26100,,,,,,,,,,,,,,,,
2024-11-23,296,,rn_20250714090900_north_busan.csv,26100,,,,,,,,,,,,,,,,
2024-11-24,296,,rn_20250714090900_north_busan.csv,26100,,,,,,,,,,,,,,,,
2024-11-25,296,0,rn_20250714090900_north_busan.csv,26100,,,,,,,,,,,,,,,,
2024-11-26,296,23,rn_20250714090900_north_busan.csv,26100,,,,,,,,,,,,,,,,
2024-11-27,296,0,rn_20250714090900_north_busan.csv,26100,,,,,,,,,,,,,,,,
2024-11-28,296,,rn_20250714090900_north_busan.csv,26100,,,,,,,,,,,,,,,,
2024-11-29,296,0,rn_20250714090900_north_busan.csv,26100,,,,,,,,,,,,,,,,
2024-11-30,296,,rn_20250714090900_north_busan.csv,26100,,,,,,,,,,,,,,,,
2024-12-01,296,0,rn_20250714090900_north_busan.csv,26100,,,,,,,,,,,,,,,,
2024-12-02,296,,rn_20250714090900_north_busan.csv,26100,,,,,,,,,,,,,,,,
2024-12-03,296,,rn_20250714090900_north_busan.csv,26100,,,,,,,,,,,,,,,,
2024-12-04,296,,rn_20250714090900_north_busan.csv,26100,,,,,,,,,,,,,,,,
2024-12-05,296,,rn_20250714090900_north_busan.csv,26100,,,,,,,,,,,,,,,,
2024-12-06,296,,rn_20250714090900_north_busan.csv,26100,,,,,,,,,,,,,,,,
2024-12-07,296,,rn_20250714090900_north_busan.csv,26100,,,,,,,,,,,,,,,,
2024-12-08,296,,rn_20250714090900_north_busan.csv,26100,,,,,,,,,,,,,,,,
2024-12-09,296,,rn_20250714090900_north_busan.csv,26100,,,,,,,,,,,,,,,,
2024-12-10,296,,rn_20250714090900_north_busan.csv,26100,,,,,,,,,,,,,,,,
2024-12-11,296,,rn_20250714090900_north_busan.csv,26100,,,,,,,,,,,,,,,,
2024-12-12,296,,rn_20250714090900_north_busan.csv,26100,,,,,,,,,,,,,,,,
2024-12-13,296,,rn_20250714090900_north_busan.csv,26100,,,,,,,,,,,,,,,,
2024-12-14,296,,rn_20250714090900_north_busan.csv,26100,,,,,,,,,,,,,,,,
2024-12-15,296,,rn_20250714090900_north_busan.csv,26100,,,,,,,,,,,,,,,,
2024-12-16,296,,rn_20250714090900_north_busan.csv,26100,,,,,,,,,,,,,,,,
2024-12-17,296,,rn_20250714090900_north_busan.csv,26100,,,,,,,,,,,,,,,,
2024-12-18,296,,rn_20250714090900_north_busan.csv,26100,,,,,,,,,,,,,,,,
2024-12-19,296,,rn_20250714090900_north_busan.csv,26100,,,,,,,,,,,,,,,,
2024-12-20,296,,rn_20250714090900_north_busan.csv,26100,,,,,,,,,,,,,,,,
2024-12-21,296,0,rn_20250714090900_north_busan.csv,26100,,,,,,,,,,,,,,,,
2024-12-22,296,,rn_20250714090900_north_busan.csv,26100,,,,,,,,,,,,,,,,
2024-12-23,296,,rn_20250714090900_north_busan.csv,26100,,,,,,,,,,,,,,,,
2024-12-24,296,,rn_20250714090900_north_busan.csv,26100,,,,,,,,,,,,,,,,
2024-12-25,296,,rn_20250714090900_north_busan.csv,26100,,,,,,,,,,,,,,,,
2024-12-26,296,,rn_20250714090900_north_busan.csv,26100,,,,,,,,,,,,,,,,
2024-12-27,296,,rn_20250714090900_north_busan.csv,26100,,,,,,,,,,,,,,,,
2024-12-28,296,0,rn_20250714090900_north_busan.csv,26100,,,,,,,,,,,,,,,,
2024-12-29,296,,rn_20250714090900_north_busan.csv,26100,,,,,,,,,,,,,,,,
2024-12-30,296,,rn_20250714090900_north_busan.csv,26100,,,,,,,,,,,,,,,,
2024-12-31,296,,rn_20250714090900_north_busan.csv,26100,,,,,,,,,,,,,,,,
